Vuosi,Kk,Pv,Klo,Aikavy√∂hyke,Lumensyvyys (cm)
2000,1,2,00:00,UTC,21
2000,1,4,00:00,UTC,24
2000,1,5,00:00,UTC,20
2000,1,6,00:00,UTC,19
2000,1,7,00:00,UTC,16
2000,1,8,00:00,UTC,13
2000,1,9,00:00,UTC,5
2000,1,11,00:00,UTC,4
2000,1,12,00:00,UTC,1
2000,1,13,00:00,UTC,0
2000,1,14,00:00,UTC,0
2000,1,15,00:00,UTC,-1
2000,1,16,00:00,UTC,-1
2000,1,17,00:00,UTC,-1
2000,1,18,00:00,UTC,-1
2000,1,19,00:00,UTC,-1
2000,1,20,00:00,UTC,-1
2000,1,21,00:00,UTC,10
2000,1,24,00:00,UTC,8
2000,1,25,00:00,UTC,7
2000,1,26,00:00,UTC,10
2000,1,27,00:00,UTC,10
2000,1,28,00:00,UTC,14
2000,1,29,00:00,UTC,14
2000,1,30,00:00,UTC,16
2000,1,31,00:00,UTC,13
2000,2,1,00:00,UTC,13
2000,2,2,00:00,UTC,17
2000,2,3,00:00,UTC,18
2000,2,4,00:00,UTC,17
2000,2,5,00:00,UTC,20
2000,2,6,00:00,UTC,20
2000,2,7,00:00,UTC,17
2000,2,8,00:00,UTC,14
2000,2,9,00:00,UTC,11
2000,2,10,00:00,UTC,11
2000,2,11,00:00,UTC,10
2000,2,12,00:00,UTC,10
2000,2,13,00:00,UTC,8
2000,2,14,00:00,UTC,15
2000,2,15,00:00,UTC,15
2000,2,16,00:00,UTC,17
2000,2,17,00:00,UTC,17
2000,2,18,00:00,UTC,24
2000,2,19,00:00,UTC,25
2000,2,23,00:00,UTC,25
2000,2,24,00:00,UTC,25
2000,2,25,00:00,UTC,25
2000,2,26,00:00,UTC,32
2000,2,27,00:00,UTC,32
2000,2,28,00:00,UTC,27
2000,2,29,00:00,UTC,19
2000,3,1,00:00,UTC,13
2000,3,2,00:00,UTC,12
2000,3,3,00:00,UTC,12
2000,3,5,00:00,UTC,20
2000,3,6,00:00,UTC,20
2000,3,7,00:00,UTC,22
2000,3,8,00:00,UTC,21
2000,3,9,00:00,UTC,20
2000,3,10,00:00,UTC,20
2000,3,11,00:00,UTC,20
2000,3,12,00:00,UTC,20
2000,3,13,00:00,UTC,20
2000,3,14,00:00,UTC,20
2000,3,15,00:00,UTC,18
2000,3,16,00:00,UTC,18
2000,3,17,00:00,UTC,19
2000,3,18,00:00,UTC,18
2000,3,20,00:00,UTC,18
2000,3,21,00:00,UTC,15
2000,3,22,00:00,UTC,15
2000,3,23,00:00,UTC,15
2000,3,24,00:00,UTC,15
2000,3,25,00:00,UTC,15
2000,3,26,00:00,UTC,15
2000,3,27,00:00,UTC,19
2000,3,28,00:00,UTC,18
2000,3,30,00:00,UTC,15
2000,3,31,00:00,UTC,14
2000,4,1,00:00,UTC,13
2000,4,2,00:00,UTC,13
2000,4,3,00:00,UTC,13
2000,4,4,00:00,UTC,12
2000,4,5,00:00,UTC,10
2000,4,6,00:00,UTC,10
2000,4,7,00:00,UTC,8
2000,4,8,00:00,UTC,7
2000,4,9,00:00,UTC,6
2000,4,10,00:00,UTC,-1
2000,4,11,00:00,UTC,-1
2000,4,12,00:00,UTC,-1
2000,4,13,00:00,UTC,-1
2000,4,14,00:00,UTC,-1
2000,4,15,00:00,UTC,-1
2000,4,16,00:00,UTC,-1
2000,4,17,00:00,UTC,-1
2000,4,18,00:00,UTC,-1
2000,4,19,00:00,UTC,-1
2000,4,20,00:00,UTC,-1
2000,4,21,00:00,UTC,-1
2000,4,22,00:00,UTC,-1
2000,4,23,00:00,UTC,-1
2000,4,24,00:00,UTC,-1
2000,4,26,00:00,UTC,-1
2000,4,27,00:00,UTC,-1
2000,4,28,00:00,UTC,-1
2000,4,29,00:00,UTC,-1
2000,4,30,00:00,UTC,-1
2000,5,1,00:00,UTC,-1
2000,5,2,00:00,UTC,-1
2000,5,3,00:00,UTC,-1
2000,5,4,00:00,UTC,-1
2000,5,5,00:00,UTC,-1
2000,5,6,00:00,UTC,-1
2000,5,7,00:00,UTC,-1
2000,5,8,00:00,UTC,-1
2000,5,9,00:00,UTC,-1
2000,5,10,00:00,UTC,-1
2000,5,11,00:00,UTC,-1
2000,5,12,00:00,UTC,-1
2000,5,13,00:00,UTC,-1
2000,5,14,00:00,UTC,-1
2000,5,15,00:00,UTC,-1
2000,5,17,00:00,UTC,-1
2000,5,18,00:00,UTC,-1
2000,5,19,00:00,UTC,-1
2000,5,20,00:00,UTC,-1
2000,5,21,00:00,UTC,-1
2000,5,22,00:00,UTC,-1
2000,5,23,00:00,UTC,-1
2000,5,24,00:00,UTC,-1
2000,5,25,00:00,UTC,-1
2000,5,26,00:00,UTC,-1
2000,5,27,00:00,UTC,-1
2000,5,28,00:00,UTC,-1
2000,5,29,00:00,UTC,-1
2000,5,30,00:00,UTC,-1
2000,5,31,00:00,UTC,-1
2000,6,1,00:00,UTC,-1
2000,6,3,00:00,UTC,-1
2000,6,4,00:00,UTC,-1
2000,6,5,00:00,UTC,-1
2000,6,6,00:00,UTC,-1
2000,6,7,00:00,UTC,-1
2000,6,8,00:00,UTC,-1
2000,6,9,00:00,UTC,-1
2000,6,11,00:00,UTC,-1
2000,6,12,00:00,UTC,-1
2000,6,13,00:00,UTC,-1
2000,6,14,00:00,UTC,-1
2000,6,15,00:00,UTC,-1
2000,6,16,00:00,UTC,-1
2000,6,17,00:00,UTC,-1
2000,6,18,00:00,UTC,-1
2000,6,19,00:00,UTC,-1
2000,6,20,00:00,UTC,-1
2000,6,23,00:00,UTC,-1
2000,6,24,00:00,UTC,-1
2000,6,25,00:00,UTC,-1
2000,6,26,00:00,UTC,-1
2000,6,27,00:00,UTC,-1
2000,6,28,00:00,UTC,-1
2000,6,29,00:00,UTC,-1
2000,6,30,00:00,UTC,-1
2000,7,1,00:00,UTC,-1
2000,7,2,00:00,UTC,-1
2000,7,3,00:00,UTC,-1
2000,7,4,00:00,UTC,-1
2000,7,5,00:00,UTC,-1
2000,7,6,00:00,UTC,-1
2000,7,7,00:00,UTC,-1
2000,7,8,00:00,UTC,-1
2000,7,10,00:00,UTC,-1
2000,7,11,00:00,UTC,-1
2000,7,12,00:00,UTC,-1
2000,7,13,00:00,UTC,-1
2000,7,14,00:00,UTC,-1
2000,7,16,00:00,UTC,-1
2000,7,17,00:00,UTC,-1
2000,7,18,00:00,UTC,-1
2000,7,19,00:00,UTC,-1
2000,7,20,00:00,UTC,-1
2000,7,21,00:00,UTC,-1
2000,7,22,00:00,UTC,-1
2000,7,24,00:00,UTC,-1
2000,7,25,00:00,UTC,-1
2000,7,26,00:00,UTC,-1
2000,7,27,00:00,UTC,-1
2000,7,28,00:00,UTC,-1
2000,7,29,00:00,UTC,-1
2000,7,30,00:00,UTC,-1
2000,8,1,00:00,UTC,-1
2000,8,2,00:00,UTC,-1
2000,8,3,00:00,UTC,-1
2000,8,4,00:00,UTC,-1
2000,8,5,00:00,UTC,-1
2000,8,6,00:00,UTC,-1
2000,8,7,00:00,UTC,-1
2000,8,8,00:00,UTC,-1
2000,8,9,00:00,UTC,-1
2000,8,10,00:00,UTC,-1
2000,8,11,00:00,UTC,-1
2000,8,12,00:00,UTC,-1
2000,8,13,00:00,UTC,-1
2000,8,14,00:00,UTC,-1
2000,8,15,00:00,UTC,-1
2000,8,16,00:00,UTC,-1
2000,8,17,00:00,UTC,-1
2000,8,19,00:00,UTC,-1
2000,8,20,00:00,UTC,-1
2000,8,21,00:00,UTC,-1
2000,8,22,00:00,UTC,-1
2000,8,23,00:00,UTC,-1
2000,8,24,00:00,UTC,-1
2000,8,25,00:00,UTC,-1
2000,8,26,00:00,UTC,-1
2000,8,27,00:00,UTC,-1
2000,8,28,00:00,UTC,-1
2000,8,29,00:00,UTC,-1
2000,8,30,00:00,UTC,-1
2000,8,31,00:00,UTC,-1
2000,9,1,00:00,UTC,-1
2000,9,2,00:00,UTC,-1
2000,9,3,00:00,UTC,-1
2000,9,4,00:00,UTC,-1
2000,9,5,00:00,UTC,-1
2000,9,6,00:00,UTC,-1
2000,9,7,00:00,UTC,-1
2000,9,8,00:00,UTC,-1
2000,9,9,00:00,UTC,-1
2000,9,11,00:00,UTC,-1
2000,9,12,00:00,UTC,-1
2000,9,13,00:00,UTC,-1
2000,9,14,00:00,UTC,-1
2000,9,15,00:00,UTC,-1
2000,9,17,00:00,UTC,-1
2000,9,18,00:00,UTC,-1
2000,9,19,00:00,UTC,-1
2000,9,20,00:00,UTC,-1
2000,9,21,00:00,UTC,-1
2000,9,22,00:00,UTC,-1
2000,9,23,00:00,UTC,-1
2000,9,24,00:00,UTC,-1
2000,9,26,00:00,UTC,-1
2000,9,27,00:00,UTC,-1
2000,9,28,00:00,UTC,-1
2000,9,29,00:00,UTC,-1
2000,9,30,00:00,UTC,-1
2000,10,3,00:00,UTC,-1
2000,10,4,00:00,UTC,-1
2000,10,5,00:00,UTC,-1
2000,10,6,00:00,UTC,-1
2000,10,7,00:00,UTC,-1
2000,10,8,00:00,UTC,-1
2000,10,9,00:00,UTC,-1
2000,10,10,00:00,UTC,-1
2000,10,11,00:00,UTC,-1
2000,10,12,00:00,UTC,-1
2000,10,13,00:00,UTC,-1
2000,10,14,00:00,UTC,-1
2000,10,15,00:00,UTC,-1
2000,10,16,00:00,UTC,-1
2000,10,17,00:00,UTC,-1
2000,10,22,00:00,UTC,-1
2000,10,23,00:00,UTC,-1
2000,10,24,00:00,UTC,-1
2000,10,25,00:00,UTC,-1
2000,10,26,00:00,UTC,-1
2000,10,27,00:00,UTC,-1
2000,10,28,00:00,UTC,-1
2000,10,29,00:00,UTC,-1
2000,10,30,00:00,UTC,-1
2000,10,31,00:00,UTC,-1
2000,11,2,00:00,UTC,-1
2000,11,3,00:00,UTC,-1
2000,11,4,00:00,UTC,-1
2000,11,5,00:00,UTC,-1
2000,11,6,00:00,UTC,-1
2000,11,7,00:00,UTC,-1
2000,11,9,00:00,UTC,-1
2000,11,10,00:00,UTC,-1
2000,11,11,00:00,UTC,-1
2000,11,12,00:00,UTC,-1
2000,11,13,00:00,UTC,-1
2000,11,14,00:00,UTC,-1
2000,11,15,00:00,UTC,-1
2000,11,16,00:00,UTC,-1
2000,11,17,00:00,UTC,-1
2000,11,18,00:00,UTC,-1
2000,11,19,00:00,UTC,-1
2000,11,20,00:00,UTC,-1
2000,11,21,00:00,UTC,-1
2000,11,22,00:00,UTC,0
2000,11,23,00:00,UTC,-1
2000,11,24,00:00,UTC,-1
2000,11,25,00:00,UTC,-1
2000,11,26,00:00,UTC,-1
2000,11,27,00:00,UTC,-1
2000,11,28,00:00,UTC,-1
2000,11,29,00:00,UTC,-1
2000,11,30,00:00,UTC,-1
2000,12,1,00:00,UTC,-1
2000,12,2,00:00,UTC,-1
2000,12,3,00:00,UTC,-1
2000,12,4,00:00,UTC,-1
2000,12,5,00:00,UTC,-1
2000,12,6,00:00,UTC,-1
2000,12,7,00:00,UTC,-1
2000,12,8,00:00,UTC,-1
2000,12,9,00:00,UTC,-1
2000,12,10,00:00,UTC,-1
2000,12,11,00:00,UTC,-1
2000,12,12,00:00,UTC,-1
2000,12,13,00:00,UTC,-1
2000,12,14,00:00,UTC,-1
2000,12,15,00:00,UTC,-1
2000,12,16,00:00,UTC,-1
2000,12,17,00:00,UTC,-1
2000,12,18,00:00,UTC,-1
2000,12,19,00:00,UTC,-1
2000,12,20,00:00,UTC,-1
2000,12,21,00:00,UTC,-1
2000,12,22,00:00,UTC,-1
2000,12,23,00:00,UTC,0
2000,12,24,00:00,UTC,1
2000,12,25,00:00,UTC,1
2000,12,26,00:00,UTC,1
2000,12,27,00:00,UTC,1
2000,12,28,00:00,UTC,1
2000,12,29,00:00,UTC,1
2000,12,31,00:00,UTC,5
2001,1,1,00:00,UTC,11
2001,1,2,00:00,UTC,9
2001,1,3,00:00,UTC,12
2001,1,4,00:00,UTC,12
2001,1,5,00:00,UTC,10
2001,1,6,00:00,UTC,8
2001,1,7,00:00,UTC,18
2001,1,8,00:00,UTC,19
2001,1,9,00:00,UTC,10
2001,1,10,00:00,UTC,9
2001,1,11,00:00,UTC,9
2001,1,12,00:00,UTC,10
2001,1,13,00:00,UTC,10
2001,1,14,00:00,UTC,10
2001,1,15,00:00,UTC,10
2001,1,16,00:00,UTC,8
2001,1,17,00:00,UTC,9
2001,1,18,00:00,UTC,9
2001,1,19,00:00,UTC,9
2001,1,20,00:00,UTC,10
2001,1,23,00:00,UTC,10
2001,1,24,00:00,UTC,8
2001,1,25,00:00,UTC,13
2001,1,26,00:00,UTC,21
2001,1,27,00:00,UTC,25
2001,1,28,00:00,UTC,26
2001,1,29,00:00,UTC,25
2001,1,30,00:00,UTC,28
2001,1,31,00:00,UTC,28
2001,2,1,00:00,UTC,28
2001,2,2,00:00,UTC,28
2001,2,4,00:00,UTC,28
2001,2,5,00:00,UTC,29
2001,2,6,00:00,UTC,30
2001,2,7,00:00,UTC,39
2001,2,8,00:00,UTC,30
2001,2,10,00:00,UTC,22
2001,2,11,00:00,UTC,22
2001,2,12,00:00,UTC,25
2001,2,13,00:00,UTC,21
2001,2,14,00:00,UTC,20
2001,2,15,00:00,UTC,20
2001,2,16,00:00,UTC,20
2001,2,17,00:00,UTC,20
2001,2,18,00:00,UTC,22
2001,2,19,00:00,UTC,22
2001,2,20,00:00,UTC,27
2001,2,21,00:00,UTC,32
2001,2,22,00:00,UTC,33
2001,2,23,00:00,UTC,30
2001,2,25,00:00,UTC,30
2001,2,26,00:00,UTC,30
2001,2,27,00:00,UTC,32
2001,2,28,00:00,UTC,35
2001,3,1,00:00,UTC,34
2001,3,2,00:00,UTC,36
2001,3,3,00:00,UTC,37
2001,3,5,00:00,UTC,36
2001,3,6,00:00,UTC,36
2001,3,7,00:00,UTC,39
2001,3,8,00:00,UTC,38
2001,3,9,00:00,UTC,38
2001,3,10,00:00,UTC,38
2001,3,11,00:00,UTC,37
2001,3,12,00:00,UTC,33
2001,3,13,00:00,UTC,30
2001,3,14,00:00,UTC,28
2001,3,15,00:00,UTC,27
2001,3,16,00:00,UTC,26
2001,3,17,00:00,UTC,25
2001,3,18,00:00,UTC,25
2001,3,21,00:00,UTC,25
2001,3,22,00:00,UTC,25
2001,3,23,00:00,UTC,25
2001,3,24,00:00,UTC,25
2001,3,25,00:00,UTC,25
2001,3,27,00:00,UTC,26
2001,3,29,00:00,UTC,25
2001,3,30,00:00,UTC,25
2001,3,31,00:00,UTC,25
2001,4,1,00:00,UTC,23
2001,4,2,00:00,UTC,23
2001,4,3,00:00,UTC,22
2001,4,5,00:00,UTC,16
2001,4,9,00:00,UTC,-1
2001,4,11,00:00,UTC,-1
2001,4,12,00:00,UTC,-1
2001,4,13,00:00,UTC,-1
2001,4,14,00:00,UTC,-1
2001,4,15,00:00,UTC,2
2001,4,16,00:00,UTC,8
2001,4,17,00:00,UTC,1
2001,4,18,00:00,UTC,0
2001,4,19,00:00,UTC,-1
2001,4,20,00:00,UTC,0
2001,4,21,00:00,UTC,-1
2001,4,22,00:00,UTC,-1
2001,4,23,00:00,UTC,-1
2001,4,24,00:00,UTC,-1
2001,4,25,00:00,UTC,-1
2001,4,26,00:00,UTC,-1
2001,4,27,00:00,UTC,-1
2001,4,28,00:00,UTC,-1
2001,4,29,00:00,UTC,-1
2001,4,30,00:00,UTC,-1
2001,5,2,00:00,UTC,-1
2001,5,3,00:00,UTC,-1
2001,5,4,00:00,UTC,-1
2001,5,5,00:00,UTC,-1
2001,5,6,00:00,UTC,-1
2001,5,7,00:00,UTC,-1
2001,5,8,00:00,UTC,-1
2001,5,9,00:00,UTC,-1
2001,5,10,00:00,UTC,-1
2001,5,11,00:00,UTC,-1
2001,5,12,00:00,UTC,-1
2001,5,13,00:00,UTC,-1
2001,5,14,00:00,UTC,-1
2001,5,15,00:00,UTC,-1
2001,5,16,00:00,UTC,-1
2001,5,17,00:00,UTC,-1
2001,5,19,00:00,UTC,-1
2001,5,20,00:00,UTC,-1
2001,5,21,00:00,UTC,-1
2001,5,22,00:00,UTC,-1
2001,5,24,00:00,UTC,-1
2001,5,25,00:00,UTC,-1
2001,5,26,00:00,UTC,-1
2001,5,27,00:00,UTC,-1
2001,5,28,00:00,UTC,-1
2001,5,29,00:00,UTC,-1
2001,5,30,00:00,UTC,-1
2001,5,31,00:00,UTC,-1
2001,6,1,00:00,UTC,-1
2001,6,2,00:00,UTC,-1
2001,6,3,00:00,UTC,-1
2001,6,4,00:00,UTC,-1
2001,6,5,00:00,UTC,-1
2001,6,7,00:00,UTC,-1
2001,6,8,00:00,UTC,-1
2001,6,9,00:00,UTC,-1
2001,6,10,00:00,UTC,-1
2001,6,11,00:00,UTC,-1
2001,6,12,00:00,UTC,-1
2001,6,13,00:00,UTC,-1
2001,6,14,00:00,UTC,-1
2001,6,15,00:00,UTC,-1
2001,6,16,00:00,UTC,-1
2001,6,17,00:00,UTC,-1
2001,6,18,00:00,UTC,-1
2001,6,19,00:00,UTC,-1
2001,6,20,00:00,UTC,-1
2001,6,21,00:00,UTC,-1
2001,6,22,00:00,UTC,-1
2001,6,23,00:00,UTC,-1
2001,6,24,00:00,UTC,-1
2001,6,25,00:00,UTC,-1
2001,6,27,00:00,UTC,-1
2001,6,28,00:00,UTC,-1
2001,6,29,00:00,UTC,-1
2001,7,1,00:00,UTC,-1
2001,7,3,00:00,UTC,-1
2001,7,4,00:00,UTC,-1
2001,7,5,00:00,UTC,-1
2001,7,6,00:00,UTC,-1
2001,7,7,00:00,UTC,-1
2001,7,8,00:00,UTC,-1
2001,7,9,00:00,UTC,-1
2001,7,10,00:00,UTC,-1
2001,7,11,00:00,UTC,-1
2001,7,12,00:00,UTC,-1
2001,7,13,00:00,UTC,-1
2001,7,14,00:00,UTC,-1
2001,7,15,00:00,UTC,-1
2001,7,17,00:00,UTC,-1
2001,7,18,00:00,UTC,-1
2001,7,19,00:00,UTC,-1
2001,7,20,00:00,UTC,-1
2001,7,21,00:00,UTC,-1
2001,7,22,00:00,UTC,-1
2001,7,23,00:00,UTC,-1
2001,7,24,00:00,UTC,-1
2001,7,25,00:00,UTC,-1
2001,7,26,00:00,UTC,-1
2001,7,27,00:00,UTC,-1
2001,7,28,00:00,UTC,-1
2001,7,29,00:00,UTC,-1
2001,7,30,00:00,UTC,-1
2001,7,31,00:00,UTC,-1
2001,8,1,00:00,UTC,-1
2001,8,4,00:00,UTC,-1
2001,8,5,00:00,UTC,-1
2001,8,6,00:00,UTC,-1
2001,8,7,00:00,UTC,-1
2001,8,8,00:00,UTC,-1
2001,8,9,00:00,UTC,-1
2001,8,10,00:00,UTC,-1
2001,8,11,00:00,UTC,-1
2001,8,12,00:00,UTC,-1
2001,8,13,00:00,UTC,-1
2001,8,14,00:00,UTC,-1
2001,8,15,00:00,UTC,-1
2001,8,16,00:00,UTC,-1
2001,8,17,00:00,UTC,-1
2001,8,18,00:00,UTC,-1
2001,8,19,00:00,UTC,-1
2001,8,20,00:00,UTC,-1
2001,8,21,00:00,UTC,-1
2001,8,22,00:00,UTC,-1
2001,8,23,00:00,UTC,-1
2001,8,24,00:00,UTC,-1
2001,8,25,00:00,UTC,-1
2001,8,26,00:00,UTC,-1
2001,8,27,00:00,UTC,-1
2001,8,28,00:00,UTC,-1
2001,8,29,00:00,UTC,-1
2001,8,30,00:00,UTC,-1
2001,8,31,00:00,UTC,-1
2001,9,1,00:00,UTC,-1
2001,9,2,00:00,UTC,-1
2001,9,3,00:00,UTC,-1
2001,9,4,00:00,UTC,-1
2001,9,5,00:00,UTC,-1
2001,9,6,00:00,UTC,-1
2001,9,7,00:00,UTC,-1
2001,9,8,00:00,UTC,-1
2001,9,9,00:00,UTC,-1
2001,9,10,00:00,UTC,-1
2001,9,11,00:00,UTC,-1
2001,9,12,00:00,UTC,-1
2001,9,13,00:00,UTC,-1
2001,9,14,00:00,UTC,-1
2001,9,15,00:00,UTC,-1
2001,9,16,00:00,UTC,-1
2001,9,17,00:00,UTC,-1
2001,9,18,00:00,UTC,-1
2001,9,20,00:00,UTC,-1
2001,9,21,00:00,UTC,-1
2001,9,22,00:00,UTC,-1
2001,9,23,00:00,UTC,-1
2001,9,24,00:00,UTC,-1
2001,9,25,00:00,UTC,-1
2001,9,26,00:00,UTC,-1
2001,9,27,00:00,UTC,-1
2001,9,28,00:00,UTC,-1
2001,9,29,00:00,UTC,-1
2001,9,30,00:00,UTC,-1
2001,10,1,00:00,UTC,-1
2001,10,2,00:00,UTC,-1
2001,10,3,00:00,UTC,-1
2001,10,4,00:00,UTC,-1
2001,10,5,00:00,UTC,-1
2001,10,6,00:00,UTC,-1
2001,10,7,00:00,UTC,-1
2001,10,9,00:00,UTC,-1
2001,10,10,00:00,UTC,-1
2001,10,11,00:00,UTC,-1
2001,10,12,00:00,UTC,-1
2001,10,13,00:00,UTC,-1
2001,10,14,00:00,UTC,-1
2001,10,15,00:00,UTC,-1
2001,10,16,00:00,UTC,-1
2001,10,17,00:00,UTC,-1
2001,10,18,00:00,UTC,-1
2001,10,19,00:00,UTC,-1
2001,10,20,00:00,UTC,-1
2001,10,21,00:00,UTC,-1
2001,10,22,00:00,UTC,-1
2001,10,23,00:00,UTC,-1
2001,10,24,00:00,UTC,-1
2001,10,25,00:00,UTC,-1
2001,10,26,00:00,UTC,-1
2001,10,27,00:00,UTC,-1
2001,10,28,00:00,UTC,-1
2001,10,29,00:00,UTC,-1
2001,10,30,00:00,UTC,-1
2001,10,31,00:00,UTC,-1
2001,11,1,00:00,UTC,-1
2001,11,2,00:00,UTC,-1
2001,11,3,00:00,UTC,-1
2001,11,4,00:00,UTC,-1
2001,11,5,00:00,UTC,-1
2001,11,6,00:00,UTC,-1
2001,11,7,00:00,UTC,0
2001,11,8,00:00,UTC,0
2001,11,9,00:00,UTC,8
2001,11,10,00:00,UTC,8
2001,11,11,00:00,UTC,0
2001,11,12,00:00,UTC,-1
2001,11,13,00:00,UTC,-1
2001,11,14,00:00,UTC,-1
2001,11,15,00:00,UTC,-1
2001,11,16,00:00,UTC,-1
2001,11,17,00:00,UTC,0
2001,11,18,00:00,UTC,0
2001,11,19,00:00,UTC,-1
2001,11,20,00:00,UTC,-1
2001,11,21,00:00,UTC,0
2001,11,22,00:00,UTC,13
2001,11,23,00:00,UTC,25
2001,11,24,00:00,UTC,25
2001,11,25,00:00,UTC,24
2001,11,26,00:00,UTC,23
2001,11,27,00:00,UTC,21
2001,11,28,00:00,UTC,18
2001,11,29,00:00,UTC,17
2001,11,30,00:00,UTC,17
2001,12,1,00:00,UTC,18
2001,12,2,00:00,UTC,18
2001,12,3,00:00,UTC,17
2001,12,4,00:00,UTC,17
2001,12,5,00:00,UTC,16
2001,12,6,00:00,UTC,17
2001,12,7,00:00,UTC,16
2001,12,8,00:00,UTC,16
2001,12,9,00:00,UTC,14
2001,12,11,00:00,UTC,12
2001,12,12,00:00,UTC,12
2001,12,13,00:00,UTC,12
2001,12,14,00:00,UTC,12
2001,12,15,00:00,UTC,12
2001,12,16,00:00,UTC,12
2001,12,17,00:00,UTC,12
2001,12,18,00:00,UTC,12
2001,12,19,00:00,UTC,16
2001,12,20,00:00,UTC,16
2001,12,21,00:00,UTC,18
2001,12,22,00:00,UTC,25
2001,12,23,00:00,UTC,25
2001,12,24,00:00,UTC,27
2001,12,25,00:00,UTC,27
2001,12,26,00:00,UTC,32
2001,12,27,00:00,UTC,33
2001,12,28,00:00,UTC,32
2001,12,29,00:00,UTC,31
2001,12,30,00:00,UTC,29
2001,12,31,00:00,UTC,29
2002,1,1,00:00,UTC,30
2002,1,2,00:00,UTC,42
2002,1,3,00:00,UTC,40
2002,1,4,00:00,UTC,36
2002,1,5,00:00,UTC,31
2002,1,6,00:00,UTC,30
2002,1,7,00:00,UTC,30
2002,1,8,00:00,UTC,31
2002,1,9,00:00,UTC,31
2002,1,10,00:00,UTC,31
2002,1,11,00:00,UTC,31
2002,1,12,00:00,UTC,30
2002,1,13,00:00,UTC,28
2002,1,14,00:00,UTC,25
2002,1,15,00:00,UTC,20
2002,1,16,00:00,UTC,19
2002,1,17,00:00,UTC,16
2002,1,18,00:00,UTC,14
2002,1,19,00:00,UTC,14
2002,1,20,00:00,UTC,13
2002,1,21,00:00,UTC,13
2002,1,22,00:00,UTC,17
2002,1,23,00:00,UTC,15
2002,1,24,00:00,UTC,18
2002,1,25,00:00,UTC,19
2002,1,26,00:00,UTC,21
2002,1,27,00:00,UTC,20
2002,1,28,00:00,UTC,21
2002,1,29,00:00,UTC,32
2002,1,30,00:00,UTC,43
2002,1,31,00:00,UTC,43
2002,2,2,00:00,UTC,41
2002,2,3,00:00,UTC,25
2002,2,4,00:00,UTC,22
2002,2,5,00:00,UTC,20
2002,2,6,00:00,UTC,17
2002,2,7,00:00,UTC,16
2002,2,8,00:00,UTC,15
2002,2,9,00:00,UTC,13
2002,2,10,00:00,UTC,11
2002,2,11,00:00,UTC,10
2002,2,12,00:00,UTC,11
2002,2,13,00:00,UTC,16
2002,2,14,00:00,UTC,16
2002,2,15,00:00,UTC,15
2002,2,16,00:00,UTC,15
2002,2,17,00:00,UTC,11
2002,2,18,00:00,UTC,11
2002,2,19,00:00,UTC,11
2002,2,20,00:00,UTC,12
2002,2,21,00:00,UTC,12
2002,2,22,00:00,UTC,12
2002,2,23,00:00,UTC,20
2002,2,24,00:00,UTC,25
2002,2,25,00:00,UTC,26
2002,2,26,00:00,UTC,26
2002,2,28,00:00,UTC,29
2002,3,1,00:00,UTC,29
2002,3,2,00:00,UTC,28
2002,3,3,00:00,UTC,31
2002,3,5,00:00,UTC,31
2002,3,7,00:00,UTC,32
2002,3,8,00:00,UTC,32
2002,3,9,00:00,UTC,34
2002,3,10,00:00,UTC,32
2002,3,11,00:00,UTC,32
2002,3,12,00:00,UTC,33
2002,3,13,00:00,UTC,33
2002,3,14,00:00,UTC,33
2002,3,15,00:00,UTC,33
2002,3,16,00:00,UTC,33
2002,3,17,00:00,UTC,33
2002,3,18,00:00,UTC,33
2002,3,19,00:00,UTC,30
2002,3,20,00:00,UTC,30
2002,3,21,00:00,UTC,26
2002,3,22,00:00,UTC,26
2002,3,23,00:00,UTC,25
2002,3,24,00:00,UTC,25
2002,3,25,00:00,UTC,25
2002,3,26,00:00,UTC,25
2002,3,27,00:00,UTC,25
2002,3,28,00:00,UTC,25
2002,3,29,00:00,UTC,24
2002,3,30,00:00,UTC,24
2002,3,31,00:00,UTC,23
2002,4,1,00:00,UTC,21
2002,4,2,00:00,UTC,21
2002,4,3,00:00,UTC,20
2002,4,4,00:00,UTC,22
2002,4,6,00:00,UTC,21
2002,4,7,00:00,UTC,21
2002,4,8,00:00,UTC,20
2002,4,9,00:00,UTC,20
2002,4,10,00:00,UTC,20
2002,4,11,00:00,UTC,18
2002,4,12,00:00,UTC,16
2002,4,13,00:00,UTC,11
2002,4,14,00:00,UTC,8
2002,4,15,00:00,UTC,2
2002,4,16,00:00,UTC,0
2002,4,17,00:00,UTC,0
2002,4,18,00:00,UTC,0
2002,4,19,00:00,UTC,-1
2002,4,20,00:00,UTC,-1
2002,4,21,00:00,UTC,-1
2002,4,22,00:00,UTC,-1
2002,4,23,00:00,UTC,-1
2002,4,24,00:00,UTC,-1
2002,4,25,00:00,UTC,-1
2002,4,26,00:00,UTC,-1
2002,4,27,00:00,UTC,-1
2002,4,28,00:00,UTC,-1
2002,4,29,00:00,UTC,-1
2002,4,30,00:00,UTC,-1
2002,5,1,00:00,UTC,-1
2002,5,2,00:00,UTC,-1
2002,5,3,00:00,UTC,-1
2002,5,4,00:00,UTC,-1
2002,5,5,00:00,UTC,-1
2002,5,6,00:00,UTC,-1
2002,5,7,00:00,UTC,-1
2002,5,8,00:00,UTC,-1
2002,5,9,00:00,UTC,-1
2002,5,10,00:00,UTC,-1
2002,5,11,00:00,UTC,-1
2002,5,12,00:00,UTC,-1
2002,5,13,00:00,UTC,-1
2002,5,14,00:00,UTC,-1
2002,5,15,00:00,UTC,-1
2002,5,16,00:00,UTC,-1
2002,5,17,00:00,UTC,-1
2002,5,18,00:00,UTC,-1
2002,5,19,00:00,UTC,-1
2002,5,20,00:00,UTC,-1
2002,5,21,00:00,UTC,-1
2002,5,22,00:00,UTC,-1
2002,5,23,00:00,UTC,-1
2002,5,25,00:00,UTC,-1
2002,5,26,00:00,UTC,-1
2002,5,27,00:00,UTC,-1
2002,5,28,00:00,UTC,-1
2002,5,29,00:00,UTC,-1
2002,5,30,00:00,UTC,-1
2002,6,1,00:00,UTC,-1
2002,6,2,00:00,UTC,-1
2002,6,3,00:00,UTC,-1
2002,6,4,00:00,UTC,-1
2002,6,5,00:00,UTC,-1
2002,6,6,00:00,UTC,-1
2002,6,7,00:00,UTC,-1
2002,6,8,00:00,UTC,-1
2002,6,9,00:00,UTC,-1
2002,6,10,00:00,UTC,-1
2002,6,11,00:00,UTC,-1
2002,6,12,00:00,UTC,-1
2002,6,13,00:00,UTC,-1
2002,6,14,00:00,UTC,-1
2002,6,15,00:00,UTC,-1
2002,6,16,00:00,UTC,-1
2002,6,17,00:00,UTC,-1
2002,6,18,00:00,UTC,-1
2002,6,19,00:00,UTC,-1
2002,6,20,00:00,UTC,-1
2002,6,21,00:00,UTC,-1
2002,6,22,00:00,UTC,-1
2002,6,23,00:00,UTC,-1
2002,6,24,00:00,UTC,-1
2002,6,25,00:00,UTC,-1
2002,6,26,00:00,UTC,-1
2002,6,27,00:00,UTC,-1
2002,6,28,00:00,UTC,-1
2002,6,29,00:00,UTC,-1
2002,6,30,00:00,UTC,-1
2002,7,1,00:00,UTC,-1
2002,7,2,00:00,UTC,-1
2002,7,3,00:00,UTC,-1
2002,7,4,00:00,UTC,-1
2002,7,5,00:00,UTC,-1
2002,7,6,00:00,UTC,-1
2002,7,7,00:00,UTC,-1
2002,7,8,00:00,UTC,-1
2002,7,9,00:00,UTC,-1
2002,7,10,00:00,UTC,-1
2002,7,11,00:00,UTC,-1
2002,7,12,00:00,UTC,-1
2002,7,13,00:00,UTC,-1
2002,7,14,00:00,UTC,-1
2002,7,15,00:00,UTC,-1
2002,7,16,00:00,UTC,-1
2002,7,17,00:00,UTC,-1
2002,7,18,00:00,UTC,-1
2002,7,19,00:00,UTC,-1
2002,7,20,00:00,UTC,-1
2002,7,21,00:00,UTC,-1
2002,7,22,00:00,UTC,-1
2002,7,23,00:00,UTC,-1
2002,7,24,00:00,UTC,-1
2002,7,25,00:00,UTC,-1
2002,7,26,00:00,UTC,-1
2002,7,27,00:00,UTC,-1
2002,7,28,00:00,UTC,-1
2002,7,29,00:00,UTC,-1
2002,7,30,00:00,UTC,-1
2002,8,1,00:00,UTC,-1
2002,8,2,00:00,UTC,-1
2002,8,3,00:00,UTC,-1
2002,8,4,00:00,UTC,-1
2002,8,5,00:00,UTC,-1
2002,8,6,00:00,UTC,-1
2002,8,7,00:00,UTC,-1
2002,8,8,00:00,UTC,-1
2002,8,10,00:00,UTC,-1
2002,8,11,00:00,UTC,-1
2002,8,12,00:00,UTC,-1
2002,8,13,00:00,UTC,-1
2002,8,14,00:00,UTC,-1
2002,8,15,00:00,UTC,-1
2002,8,16,00:00,UTC,-1
2002,8,17,00:00,UTC,-1
2002,8,18,00:00,UTC,-1
2002,8,19,00:00,UTC,-1
2002,8,20,00:00,UTC,-1
2002,8,21,00:00,UTC,-1
2002,8,22,00:00,UTC,-1
2002,8,23,00:00,UTC,-1
2002,8,24,00:00,UTC,-1
2002,8,25,00:00,UTC,-1
2002,8,26,00:00,UTC,-1
2002,8,27,00:00,UTC,-1
2002,8,28,00:00,UTC,-1
2002,8,29,00:00,UTC,-1
2002,8,30,00:00,UTC,-1
2002,8,31,00:00,UTC,-1
2002,9,1,00:00,UTC,-1
2002,9,2,00:00,UTC,-1
2002,9,3,00:00,UTC,-1
2002,9,4,00:00,UTC,-1
2002,9,5,00:00,UTC,-1
2002,9,6,00:00,UTC,-1
2002,9,7,00:00,UTC,-1
2002,9,8,00:00,UTC,-1
2002,9,9,00:00,UTC,-1
2002,9,10,00:00,UTC,-1
2002,9,11,00:00,UTC,-1
2002,9,12,00:00,UTC,-1
2002,9,13,00:00,UTC,-1
2002,9,14,00:00,UTC,-1
2002,9,15,00:00,UTC,-1
2002,9,16,00:00,UTC,-1
2002,9,18,00:00,UTC,-1
2002,9,19,00:00,UTC,-1
2002,9,20,00:00,UTC,-1
2002,9,21,00:00,UTC,-1
2002,9,22,00:00,UTC,-1
2002,9,23,00:00,UTC,-1
2002,9,24,00:00,UTC,-1
2002,9,25,00:00,UTC,-1
2002,9,26,00:00,UTC,-1
2002,9,27,00:00,UTC,-1
2002,9,28,00:00,UTC,-1
2002,9,29,00:00,UTC,-1
2002,9,30,00:00,UTC,-1
2002,10,1,00:00,UTC,-1
2002,10,2,00:00,UTC,-1
2002,10,4,00:00,UTC,-1
2002,10,5,00:00,UTC,1
2002,10,7,00:00,UTC,-1
2002,10,8,00:00,UTC,-1
2002,10,9,00:00,UTC,-1
2002,10,10,00:00,UTC,-1
2002,10,11,00:00,UTC,-1
2002,10,12,00:00,UTC,-1
2002,10,13,00:00,UTC,-1
2002,10,14,00:00,UTC,-1
2002,10,15,00:00,UTC,-1
2002,10,16,00:00,UTC,4
2002,10,17,00:00,UTC,3
2002,10,19,00:00,UTC,3
2002,10,20,00:00,UTC,-1
2002,10,21,00:00,UTC,3
2002,10,22,00:00,UTC,3
2002,10,23,00:00,UTC,3
2002,10,24,00:00,UTC,3
2002,10,27,00:00,UTC,-1
2002,10,28,00:00,UTC,-1
2002,10,29,00:00,UTC,-1
2002,10,30,00:00,UTC,-1
2002,10,31,00:00,UTC,-1
2002,11,1,00:00,UTC,0
2002,11,2,00:00,UTC,3
2002,11,3,00:00,UTC,3
2002,11,4,00:00,UTC,3
2002,11,5,00:00,UTC,3
2002,11,6,00:00,UTC,3
2002,11,7,00:00,UTC,-1
2002,11,8,00:00,UTC,-1
2002,11,9,00:00,UTC,6
2002,11,10,00:00,UTC,9
2002,11,11,00:00,UTC,8
2002,11,12,00:00,UTC,8
2002,11,13,00:00,UTC,8
2002,11,14,00:00,UTC,8
2002,11,15,00:00,UTC,8
2002,11,16,00:00,UTC,8
2002,11,17,00:00,UTC,7
2002,11,18,00:00,UTC,6
2002,11,19,00:00,UTC,3
2002,11,20,00:00,UTC,5
2002,11,21,00:00,UTC,16
2002,11,22,00:00,UTC,15
2002,11,23,00:00,UTC,14
2002,11,24,00:00,UTC,14
2002,11,25,00:00,UTC,13
2002,11,26,00:00,UTC,10
2002,11,27,00:00,UTC,4
2002,11,28,00:00,UTC,4
2002,11,29,00:00,UTC,4
2002,11,30,00:00,UTC,3
2002,12,1,00:00,UTC,4
2002,12,2,00:00,UTC,7
2002,12,3,00:00,UTC,7
2002,12,4,00:00,UTC,6
2002,12,5,00:00,UTC,6
2002,12,6,00:00,UTC,6
2002,12,7,00:00,UTC,6
2002,12,8,00:00,UTC,7
2002,12,9,00:00,UTC,7
2002,12,10,00:00,UTC,7
2002,12,11,00:00,UTC,7
2002,12,12,00:00,UTC,7
2002,12,13,00:00,UTC,7
2002,12,14,00:00,UTC,7
2002,12,15,00:00,UTC,7
2002,12,17,00:00,UTC,7
2002,12,18,00:00,UTC,8
2002,12,19,00:00,UTC,8
2002,12,20,00:00,UTC,8
2002,12,21,00:00,UTC,7
2002,12,22,00:00,UTC,8
2002,12,23,00:00,UTC,8
2002,12,24,00:00,UTC,8
2002,12,25,00:00,UTC,8
2002,12,26,00:00,UTC,8
2002,12,27,00:00,UTC,9
2002,12,28,00:00,UTC,9
2002,12,29,00:00,UTC,10
2002,12,30,00:00,UTC,10
2002,12,31,00:00,UTC,10
2003,1,1,00:00,UTC,11
2003,1,2,00:00,UTC,11
2003,1,3,00:00,UTC,11
2003,1,4,00:00,UTC,11
2003,1,5,00:00,UTC,11
2003,1,6,00:00,UTC,11
2003,1,7,00:00,UTC,11
2003,1,8,00:00,UTC,17
2003,1,9,00:00,UTC,18
2003,1,10,00:00,UTC,18
2003,1,11,00:00,UTC,18
2003,1,12,00:00,UTC,20
2003,1,13,00:00,UTC,21
2003,1,14,00:00,UTC,21
2003,1,15,00:00,UTC,30
2003,1,17,00:00,UTC,22
2003,1,18,00:00,UTC,20
2003,1,19,00:00,UTC,18
2003,1,20,00:00,UTC,18
2003,1,21,00:00,UTC,21
2003,1,22,00:00,UTC,20
2003,1,23,00:00,UTC,19
2003,1,24,00:00,UTC,28
2003,1,25,00:00,UTC,22
2003,1,26,00:00,UTC,24
2003,1,28,00:00,UTC,21
2003,1,29,00:00,UTC,21
2003,1,30,00:00,UTC,21
2003,1,31,00:00,UTC,21
2003,2,1,00:00,UTC,21
2003,2,2,00:00,UTC,21
2003,2,3,00:00,UTC,21
2003,2,4,00:00,UTC,25
2003,2,5,00:00,UTC,34
2003,2,6,00:00,UTC,32
2003,2,7,00:00,UTC,31
2003,2,8,00:00,UTC,30
2003,2,9,00:00,UTC,29
2003,2,10,00:00,UTC,27
2003,2,11,00:00,UTC,27
2003,2,12,00:00,UTC,27
2003,2,13,00:00,UTC,26
2003,2,14,00:00,UTC,27
2003,2,15,00:00,UTC,26
2003,2,16,00:00,UTC,26
2003,2,17,00:00,UTC,26
2003,2,18,00:00,UTC,27
2003,2,19,00:00,UTC,27
2003,2,20,00:00,UTC,27
2003,2,21,00:00,UTC,27
2003,2,22,00:00,UTC,26
2003,2,23,00:00,UTC,26
2003,2,24,00:00,UTC,26
2003,2,25,00:00,UTC,26
2003,2,26,00:00,UTC,26
2003,2,27,00:00,UTC,26
2003,2,28,00:00,UTC,26
2003,3,1,00:00,UTC,27
2003,3,2,00:00,UTC,26
2003,3,3,00:00,UTC,27
2003,3,4,00:00,UTC,27
2003,3,5,00:00,UTC,27
2003,3,6,00:00,UTC,27
2003,3,7,00:00,UTC,27
2003,3,9,00:00,UTC,26
2003,3,10,00:00,UTC,30
2003,3,11,00:00,UTC,26
2003,3,12,00:00,UTC,25
2003,3,13,00:00,UTC,24
2003,3,14,00:00,UTC,22
2003,3,15,00:00,UTC,20
2003,3,16,00:00,UTC,20
2003,3,17,00:00,UTC,20
2003,3,18,00:00,UTC,20
2003,3,19,00:00,UTC,19
2003,3,20,00:00,UTC,18
2003,3,22,00:00,UTC,18
2003,3,23,00:00,UTC,18
2003,3,24,00:00,UTC,17
2003,3,25,00:00,UTC,17
2003,3,26,00:00,UTC,17
2003,3,27,00:00,UTC,17
2003,3,28,00:00,UTC,15
2003,3,29,00:00,UTC,10
2003,3,30,00:00,UTC,10
2003,3,31,00:00,UTC,7
2003,4,1,00:00,UTC,-1
2003,4,2,00:00,UTC,-1
2003,4,3,00:00,UTC,-1
2003,4,4,00:00,UTC,1
2003,4,5,00:00,UTC,5
2003,4,6,00:00,UTC,22
2003,4,7,00:00,UTC,20
2003,4,8,00:00,UTC,19
2003,4,10,00:00,UTC,11
2003,4,11,00:00,UTC,10
2003,4,12,00:00,UTC,9
2003,4,13,00:00,UTC,7
2003,4,14,00:00,UTC,7
2003,4,15,00:00,UTC,5
2003,4,16,00:00,UTC,-1
2003,4,17,00:00,UTC,-1
2003,4,18,00:00,UTC,-1
2003,4,19,00:00,UTC,-1
2003,4,20,00:00,UTC,-1
2003,4,21,00:00,UTC,-1
2003,4,22,00:00,UTC,-1
2003,4,23,00:00,UTC,-1
2003,4,24,00:00,UTC,-1
2003,4,25,00:00,UTC,-1
2003,4,26,00:00,UTC,-1
2003,4,27,00:00,UTC,-1
2003,4,28,00:00,UTC,-1
2003,4,29,00:00,UTC,-1
2003,4,30,00:00,UTC,-1
2003,5,1,00:00,UTC,-1
2003,5,2,00:00,UTC,-1
2003,5,3,00:00,UTC,-1
2003,5,4,00:00,UTC,-1
2003,5,5,00:00,UTC,-1
2003,5,6,00:00,UTC,-1
2003,5,8,00:00,UTC,-1
2003,5,9,00:00,UTC,-1
2003,5,10,00:00,UTC,-1
2003,5,11,00:00,UTC,-1
2003,5,12,00:00,UTC,-1
2003,5,13,00:00,UTC,-1
2003,5,14,00:00,UTC,-1
2003,5,15,00:00,UTC,-1
2003,5,16,00:00,UTC,-1
2003,5,17,00:00,UTC,-1
2003,5,18,00:00,UTC,-1
2003,5,19,00:00,UTC,-1
2003,5,20,00:00,UTC,-1
2003,5,21,00:00,UTC,-1
2003,5,22,00:00,UTC,-1
2003,5,23,00:00,UTC,-1
2003,5,24,00:00,UTC,-1
2003,5,25,00:00,UTC,-1
2003,5,26,00:00,UTC,-1
2003,5,27,00:00,UTC,-1
2003,5,28,00:00,UTC,-1
2003,5,29,00:00,UTC,-1
2003,5,30,00:00,UTC,-1
2003,6,1,00:00,UTC,-1
2003,6,2,00:00,UTC,-1
2003,6,3,00:00,UTC,-1
2003,6,5,00:00,UTC,-1
2003,6,6,00:00,UTC,-1
2003,6,7,00:00,UTC,-1
2003,6,8,00:00,UTC,-1
2003,6,9,00:00,UTC,-1
2003,6,10,00:00,UTC,-1
2003,6,11,00:00,UTC,-1
2003,6,12,00:00,UTC,-1
2003,6,13,00:00,UTC,-1
2003,6,14,00:00,UTC,-1
2003,6,15,00:00,UTC,-1
2003,6,16,00:00,UTC,-1
2003,6,17,00:00,UTC,-1
2003,6,18,00:00,UTC,-1
2003,6,19,00:00,UTC,-1
2003,6,20,00:00,UTC,-1
2003,6,21,00:00,UTC,-1
2003,6,22,00:00,UTC,-1
2003,6,23,00:00,UTC,-1
2003,6,24,00:00,UTC,-1
2003,6,25,00:00,UTC,-1
2003,6,27,00:00,UTC,-1
2003,6,28,00:00,UTC,-1
2003,6,29,00:00,UTC,-1
2003,6,30,00:00,UTC,-1
2003,7,1,00:00,UTC,-1
2003,7,2,00:00,UTC,-1
2003,7,3,00:00,UTC,-1
2003,7,4,00:00,UTC,-1
2003,7,5,00:00,UTC,-1
2003,7,6,00:00,UTC,-1
2003,7,7,00:00,UTC,-1
2003,7,8,00:00,UTC,-1
2003,7,10,00:00,UTC,-1
2003,7,11,00:00,UTC,-1
2003,7,12,00:00,UTC,-1
2003,7,13,00:00,UTC,-1
2003,7,15,00:00,UTC,-1
2003,7,16,00:00,UTC,-1
2003,7,17,00:00,UTC,-1
2003,7,19,00:00,UTC,-1
2003,7,20,00:00,UTC,-1
2003,7,21,00:00,UTC,-1
2003,7,22,00:00,UTC,-1
2003,7,23,00:00,UTC,-1
2003,7,25,00:00,UTC,-1
2003,7,26,00:00,UTC,-1
2003,7,27,00:00,UTC,-1
2003,7,28,00:00,UTC,-1
2003,7,29,00:00,UTC,-1
2003,7,30,00:00,UTC,-1
2003,7,31,00:00,UTC,-1
2003,8,1,00:00,UTC,-1
2003,8,2,00:00,UTC,-1
2003,8,3,00:00,UTC,-1
2003,8,4,00:00,UTC,-1
2003,8,5,00:00,UTC,-1
2003,8,6,00:00,UTC,-1
2003,8,7,00:00,UTC,-1
2003,8,8,00:00,UTC,-1
2003,8,9,00:00,UTC,-1
2003,8,10,00:00,UTC,-1
2003,8,11,00:00,UTC,-1
2003,8,12,00:00,UTC,-1
2003,8,13,00:00,UTC,-1
2003,8,14,00:00,UTC,-1
2003,8,15,00:00,UTC,-1
2003,8,16,00:00,UTC,-1
2003,8,17,00:00,UTC,-1
2003,8,18,00:00,UTC,-1
2003,8,19,00:00,UTC,-1
2003,8,20,00:00,UTC,-1
2003,8,21,00:00,UTC,-1
2003,8,22,00:00,UTC,-1
2003,8,23,00:00,UTC,-1
2003,8,24,00:00,UTC,-1
2003,8,25,00:00,UTC,-1
2003,8,26,00:00,UTC,-1
2003,8,27,00:00,UTC,-1
2003,8,28,00:00,UTC,-1
2003,8,29,00:00,UTC,-1
2003,8,30,00:00,UTC,-1
2003,8,31,00:00,UTC,-1
2003,9,1,00:00,UTC,-1
2003,9,3,00:00,UTC,-1
2003,9,4,00:00,UTC,-1
2003,9,5,00:00,UTC,-1
2003,9,6,00:00,UTC,-1
2003,9,7,00:00,UTC,-1
2003,9,8,00:00,UTC,-1
2003,9,9,00:00,UTC,-1
2003,9,10,00:00,UTC,-1
2003,9,11,00:00,UTC,-1
2003,9,13,00:00,UTC,-1
2003,9,14,00:00,UTC,-1
2003,9,15,00:00,UTC,-1
2003,9,16,00:00,UTC,-1
2003,9,18,00:00,UTC,-1
2003,9,19,00:00,UTC,-1
2003,9,20,00:00,UTC,-1
2003,9,21,00:00,UTC,-1
2003,9,22,00:00,UTC,-1
2003,9,23,00:00,UTC,-1
2003,9,24,00:00,UTC,-1
2003,9,25,00:00,UTC,-1
2003,9,26,00:00,UTC,-1
2003,9,27,00:00,UTC,-1
2003,9,28,00:00,UTC,-1
2003,9,29,00:00,UTC,-1
2003,9,30,00:00,UTC,-1
2003,10,1,00:00,UTC,-1
2003,10,2,00:00,UTC,-1
2003,10,3,00:00,UTC,-1
2003,10,5,00:00,UTC,-1
2003,10,6,00:00,UTC,-1
2003,10,7,00:00,UTC,-1
2003,10,8,00:00,UTC,-1
2003,10,9,00:00,UTC,-1
2003,10,10,00:00,UTC,-1
2003,10,11,00:00,UTC,-1
2003,10,13,00:00,UTC,-1
2003,10,14,00:00,UTC,-1
2003,10,15,00:00,UTC,-1
2003,10,16,00:00,UTC,-1
2003,10,17,00:00,UTC,-1
2003,10,18,00:00,UTC,-1
2003,10,19,00:00,UTC,-1
2003,10,20,00:00,UTC,-1
2003,10,21,00:00,UTC,-1
2003,10,22,00:00,UTC,-1
2003,10,23,00:00,UTC,-1
2003,10,24,00:00,UTC,-1
2003,10,25,00:00,UTC,7
2003,10,26,00:00,UTC,8
2003,10,27,00:00,UTC,8
2003,10,28,00:00,UTC,0
2003,10,29,00:00,UTC,-1
2003,10,30,00:00,UTC,-1
2003,10,31,00:00,UTC,-1
2003,11,1,00:00,UTC,-1
2003,11,2,00:00,UTC,-1
2003,11,3,00:00,UTC,-1
2003,11,4,00:00,UTC,-1
2003,11,5,00:00,UTC,-1
2003,11,6,00:00,UTC,-1
2003,11,7,00:00,UTC,-1
2003,11,8,00:00,UTC,-1
2003,11,9,00:00,UTC,-1
2003,11,10,00:00,UTC,-1
2003,11,11,00:00,UTC,-1
2003,11,12,00:00,UTC,-1
2003,11,13,00:00,UTC,-1
2003,11,14,00:00,UTC,-1
2003,11,15,00:00,UTC,-1
2003,11,16,00:00,UTC,-1
2003,11,17,00:00,UTC,-1
2003,11,18,00:00,UTC,-1
2003,11,19,00:00,UTC,-1
2003,11,20,00:00,UTC,-1
2003,11,21,00:00,UTC,-1
2003,11,22,00:00,UTC,-1
2003,11,23,00:00,UTC,5
2003,11,24,00:00,UTC,10
2003,11,25,00:00,UTC,6
2003,11,27,00:00,UTC,1
2003,11,28,00:00,UTC,-1
2003,11,29,00:00,UTC,-1
2003,11,30,00:00,UTC,-1
2003,12,1,00:00,UTC,-1
2003,12,2,00:00,UTC,-1
2003,12,3,00:00,UTC,-1
2003,12,4,00:00,UTC,-1
2003,12,5,00:00,UTC,-1
2003,12,6,00:00,UTC,-1
2003,12,7,00:00,UTC,-1
2003,12,10,00:00,UTC,-1
2003,12,11,00:00,UTC,-1
2003,12,12,00:00,UTC,-1
2003,12,13,00:00,UTC,-1
2003,12,14,00:00,UTC,6
2003,12,15,00:00,UTC,6
2003,12,16,00:00,UTC,6
2003,12,17,00:00,UTC,6
2003,12,18,00:00,UTC,8
2003,12,20,00:00,UTC,1
2003,12,21,00:00,UTC,0
2003,12,22,00:00,UTC,20
2003,12,23,00:00,UTC,20
2003,12,24,00:00,UTC,20
2003,12,25,00:00,UTC,15
2003,12,26,00:00,UTC,10
2003,12,27,00:00,UTC,6
2003,12,28,00:00,UTC,2
2003,12,29,00:00,UTC,2
2003,12,30,00:00,UTC,0
2003,12,31,00:00,UTC,0
2004,1,2,00:00,UTC,0
2004,1,3,00:00,UTC,0
2004,1,4,00:00,UTC,0
2004,1,6,00:00,UTC,2
2004,1,7,00:00,UTC,5
2004,1,8,00:00,UTC,5
2004,1,9,00:00,UTC,5
2004,1,10,00:00,UTC,5
2004,1,11,00:00,UTC,5
2004,1,12,00:00,UTC,5
2004,1,13,00:00,UTC,6
2004,1,14,00:00,UTC,8
2004,1,15,00:00,UTC,10
2004,1,16,00:00,UTC,10
2004,1,17,00:00,UTC,13
2004,1,18,00:00,UTC,17
2004,1,19,00:00,UTC,17
2004,1,20,00:00,UTC,16
2004,1,21,00:00,UTC,14
2004,1,22,00:00,UTC,14
2004,1,23,00:00,UTC,13
2004,1,24,00:00,UTC,13
2004,1,25,00:00,UTC,13
2004,1,26,00:00,UTC,13
2004,1,27,00:00,UTC,15
2004,1,28,00:00,UTC,17
2004,1,29,00:00,UTC,18
2004,1,30,00:00,UTC,22
2004,1,31,00:00,UTC,22
2004,2,1,00:00,UTC,47
2004,2,2,00:00,UTC,48
2004,2,3,00:00,UTC,47
2004,2,4,00:00,UTC,45
2004,2,5,00:00,UTC,35
2004,2,7,00:00,UTC,32
2004,2,8,00:00,UTC,31
2004,2,9,00:00,UTC,34
2004,2,10,00:00,UTC,33
2004,2,11,00:00,UTC,33
2004,2,12,00:00,UTC,33
2004,2,13,00:00,UTC,35
2004,2,14,00:00,UTC,35
2004,2,15,00:00,UTC,36
2004,2,16,00:00,UTC,35
2004,2,17,00:00,UTC,33
2004,2,18,00:00,UTC,36
2004,2,19,00:00,UTC,36
2004,2,20,00:00,UTC,37
2004,2,21,00:00,UTC,37
2004,2,22,00:00,UTC,37
2004,2,23,00:00,UTC,39
2004,2,24,00:00,UTC,41
2004,2,25,00:00,UTC,43
2004,2,26,00:00,UTC,43
2004,2,27,00:00,UTC,59
2004,2,28,00:00,UTC,57
2004,2,29,00:00,UTC,56
2004,3,1,00:00,UTC,54
2004,3,2,00:00,UTC,55
2004,3,3,00:00,UTC,58
2004,3,4,00:00,UTC,56
2004,3,5,00:00,UTC,54
2004,3,6,00:00,UTC,54
2004,3,7,00:00,UTC,54
2004,3,8,00:00,UTC,52
2004,3,9,00:00,UTC,50
2004,3,10,00:00,UTC,50
2004,3,11,00:00,UTC,50
2004,3,12,00:00,UTC,50
2004,3,13,00:00,UTC,49
2004,3,14,00:00,UTC,49
2004,3,15,00:00,UTC,50
2004,3,16,00:00,UTC,46
2004,3,17,00:00,UTC,41
2004,3,18,00:00,UTC,39
2004,3,19,00:00,UTC,36
2004,3,20,00:00,UTC,35
2004,3,21,00:00,UTC,33
2004,3,22,00:00,UTC,33
2004,3,23,00:00,UTC,33
2004,3,24,00:00,UTC,33
2004,3,25,00:00,UTC,33
2004,3,26,00:00,UTC,34
2004,3,27,00:00,UTC,32
2004,3,28,00:00,UTC,32
2004,3,29,00:00,UTC,32
2004,3,30,00:00,UTC,32
2004,3,31,00:00,UTC,30
2004,4,1,00:00,UTC,29
2004,4,2,00:00,UTC,29
2004,4,4,00:00,UTC,29
2004,4,5,00:00,UTC,28
2004,4,6,00:00,UTC,28
2004,4,7,00:00,UTC,27
2004,4,8,00:00,UTC,24
2004,4,9,00:00,UTC,23
2004,4,10,00:00,UTC,20
2004,4,11,00:00,UTC,20
2004,4,12,00:00,UTC,20
2004,4,13,00:00,UTC,18
2004,4,14,00:00,UTC,-1
2004,4,15,00:00,UTC,-1
2004,4,16,00:00,UTC,-1
2004,4,17,00:00,UTC,-1
2004,4,18,00:00,UTC,-1
2004,4,19,00:00,UTC,-1
2004,4,20,00:00,UTC,-1
2004,4,21,00:00,UTC,-1
2004,4,22,00:00,UTC,-1
2004,4,23,00:00,UTC,-1
2004,4,24,00:00,UTC,-1
2004,4,25,00:00,UTC,-1
2004,4,26,00:00,UTC,-1
2004,4,27,00:00,UTC,-1
2004,4,28,00:00,UTC,-1
2004,4,29,00:00,UTC,-1
2004,4,30,00:00,UTC,-1
2004,5,1,00:00,UTC,-1
2004,5,2,00:00,UTC,-1
2004,5,3,00:00,UTC,-1
2004,5,4,00:00,UTC,-1
2004,5,5,00:00,UTC,-1
2004,5,6,00:00,UTC,-1
2004,5,7,00:00,UTC,-1
2004,5,8,00:00,UTC,-1
2004,5,9,00:00,UTC,-1
2004,5,10,00:00,UTC,-1
2004,5,11,00:00,UTC,-1
2004,5,12,00:00,UTC,-1
2004,5,13,00:00,UTC,-1
2004,5,14,00:00,UTC,-1
2004,5,16,00:00,UTC,-1
2004,5,17,00:00,UTC,-1
2004,5,18,00:00,UTC,-1
2004,5,19,00:00,UTC,-1
2004,5,20,00:00,UTC,-1
2004,5,21,00:00,UTC,-1
2004,5,22,00:00,UTC,-1
2004,5,23,00:00,UTC,-1
2004,5,24,00:00,UTC,-1
2004,5,26,00:00,UTC,-1
2004,5,27,00:00,UTC,-1
2004,5,28,00:00,UTC,-1
2004,5,29,00:00,UTC,-1
2004,5,31,00:00,UTC,-1
2004,6,1,00:00,UTC,-1
2004,6,2,00:00,UTC,-1
2004,6,3,00:00,UTC,-1
2004,6,4,00:00,UTC,-1
2004,6,5,00:00,UTC,-1
2004,6,6,00:00,UTC,-1
2004,6,7,00:00,UTC,-1
2004,6,8,00:00,UTC,-1
2004,6,9,00:00,UTC,-1
2004,6,10,00:00,UTC,-1
2004,6,11,00:00,UTC,-1
2004,6,13,00:00,UTC,-1
2004,6,14,00:00,UTC,-1
2004,6,15,00:00,UTC,-1
2004,6,16,00:00,UTC,-1
2004,6,17,00:00,UTC,-1
2004,6,18,00:00,UTC,-1
2004,6,19,00:00,UTC,-1
2004,6,20,00:00,UTC,-1
2004,6,21,00:00,UTC,-1
2004,6,22,00:00,UTC,-1
2004,6,23,00:00,UTC,-1
2004,6,24,00:00,UTC,-1
2004,6,25,00:00,UTC,-1
2004,6,26,00:00,UTC,-1
2004,6,27,00:00,UTC,-1
2004,6,28,00:00,UTC,-1
2004,6,29,00:00,UTC,-1
2004,6,30,00:00,UTC,-1
2004,7,2,00:00,UTC,-1
2004,7,3,00:00,UTC,-1
2004,7,4,00:00,UTC,-1
2004,7,5,00:00,UTC,-1
2004,7,6,00:00,UTC,-1
2004,7,7,00:00,UTC,-1
2004,7,8,00:00,UTC,-1
2004,7,9,00:00,UTC,-1
2004,7,10,00:00,UTC,-1
2004,7,11,00:00,UTC,-1
2004,7,12,00:00,UTC,-1
2004,7,13,00:00,UTC,-1
2004,7,14,00:00,UTC,-1
2004,7,15,00:00,UTC,-1
2004,7,16,00:00,UTC,-1
2004,7,17,00:00,UTC,-1
2004,7,18,00:00,UTC,-1
2004,7,19,00:00,UTC,-1
2004,7,20,00:00,UTC,-1
2004,7,21,00:00,UTC,-1
2004,7,22,00:00,UTC,-1
2004,7,23,00:00,UTC,-1
2004,7,24,00:00,UTC,-1
2004,7,25,00:00,UTC,-1
2004,7,26,00:00,UTC,-1
2004,7,27,00:00,UTC,-1
2004,7,28,00:00,UTC,-1
2004,7,29,00:00,UTC,-1
2004,7,30,00:00,UTC,-1
2004,7,31,00:00,UTC,-1
2004,8,1,00:00,UTC,-1
2004,8,2,00:00,UTC,-1
2004,8,3,00:00,UTC,-1
2004,8,4,00:00,UTC,-1
2004,8,5,00:00,UTC,-1
2004,8,6,00:00,UTC,-1
2004,8,7,00:00,UTC,-1
2004,8,8,00:00,UTC,-1
2004,8,9,00:00,UTC,-1
2004,8,10,00:00,UTC,-1
2004,8,11,00:00,UTC,-1
2004,8,12,00:00,UTC,-1
2004,8,13,00:00,UTC,-1
2004,8,15,00:00,UTC,-1
2004,8,16,00:00,UTC,-1
2004,8,17,00:00,UTC,-1
2004,8,18,00:00,UTC,-1
2004,8,19,00:00,UTC,-1
2004,8,20,00:00,UTC,-1
2004,8,21,00:00,UTC,-1
2004,8,22,00:00,UTC,-1
2004,8,24,00:00,UTC,-1
2004,8,25,00:00,UTC,-1
2004,8,26,00:00,UTC,-1
2004,8,27,00:00,UTC,-1
2004,8,28,00:00,UTC,-1
2004,8,29,00:00,UTC,-1
2004,8,30,00:00,UTC,-1
2004,8,31,00:00,UTC,-1
2004,9,1,00:00,UTC,-1
2004,9,2,00:00,UTC,-1
2004,9,3,00:00,UTC,-1
2004,9,4,00:00,UTC,-1
2004,9,5,00:00,UTC,-1
2004,9,6,00:00,UTC,-1
2004,9,7,00:00,UTC,-1
2004,9,8,00:00,UTC,-1
2004,9,9,00:00,UTC,-1
2004,9,10,00:00,UTC,-1
2004,9,12,00:00,UTC,-1
2004,9,13,00:00,UTC,-1
2004,9,14,00:00,UTC,-1
2004,9,15,00:00,UTC,-1
2004,9,16,00:00,UTC,-1
2004,9,17,00:00,UTC,-1
2004,9,18,00:00,UTC,-1
2004,9,19,00:00,UTC,-1
2004,9,20,00:00,UTC,-1
2004,9,21,00:00,UTC,-1
2004,9,22,00:00,UTC,-1
2004,9,23,00:00,UTC,-1
2004,9,24,00:00,UTC,-1
2004,9,25,00:00,UTC,-1
2004,9,26,00:00,UTC,-1
2004,9,27,00:00,UTC,-1
2004,9,28,00:00,UTC,-1
2004,9,29,00:00,UTC,-1
2004,9,30,00:00,UTC,-1
2004,10,1,00:00,UTC,-1
2004,10,2,00:00,UTC,-1
2004,10,3,00:00,UTC,-1
2004,10,4,00:00,UTC,-1
2004,10,5,00:00,UTC,-1
2004,10,6,00:00,UTC,-1
2004,10,7,00:00,UTC,-1
2004,10,8,00:00,UTC,-1
2004,10,9,00:00,UTC,-1
2004,10,10,00:00,UTC,-1
2004,10,11,00:00,UTC,-1
2004,10,12,00:00,UTC,-1
2004,10,13,00:00,UTC,-1
2004,10,14,00:00,UTC,-1
2004,10,15,00:00,UTC,-1
2004,10,16,00:00,UTC,-1
2004,10,17,00:00,UTC,-1
2004,10,18,00:00,UTC,-1
2004,10,19,00:00,UTC,-1
2004,10,20,00:00,UTC,-1
2004,10,21,00:00,UTC,-1
2004,10,22,00:00,UTC,-1
2004,10,23,00:00,UTC,-1
2004,10,24,00:00,UTC,-1
2004,10,25,00:00,UTC,-1
2004,10,26,00:00,UTC,-1
2004,10,27,00:00,UTC,-1
2004,10,28,00:00,UTC,-1
2004,10,29,00:00,UTC,-1
2004,10,30,00:00,UTC,-1
2004,10,31,00:00,UTC,-1
2004,11,4,00:00,UTC,-1
2004,11,5,00:00,UTC,-1
2004,11,6,00:00,UTC,-1
2004,11,7,00:00,UTC,-1
2004,11,8,00:00,UTC,-1
2004,11,9,00:00,UTC,-1
2004,11,10,00:00,UTC,-1
2004,11,11,00:00,UTC,-1
2004,11,12,00:00,UTC,-1
2004,11,13,00:00,UTC,-1
2004,11,14,00:00,UTC,-1
2004,11,15,00:00,UTC,-1
2004,11,16,00:00,UTC,1
2004,11,17,00:00,UTC,1
2004,11,18,00:00,UTC,2
2004,11,20,00:00,UTC,1
2004,11,21,00:00,UTC,5
2004,11,23,00:00,UTC,9
2004,11,24,00:00,UTC,8
2004,11,25,00:00,UTC,6
2004,11,26,00:00,UTC,6
2004,11,27,00:00,UTC,6
2004,11,28,00:00,UTC,6
2004,11,29,00:00,UTC,18
2004,11,30,00:00,UTC,18
2004,12,1,00:00,UTC,16
2004,12,2,00:00,UTC,15
2004,12,3,00:00,UTC,13
2004,12,4,00:00,UTC,13
2004,12,5,00:00,UTC,12
2004,12,6,00:00,UTC,9
2004,12,7,00:00,UTC,8
2004,12,8,00:00,UTC,5
2004,12,10,00:00,UTC,3
2004,12,11,00:00,UTC,3
2004,12,12,00:00,UTC,3
2004,12,13,00:00,UTC,-1
2004,12,14,00:00,UTC,-1
2004,12,15,00:00,UTC,-1
2004,12,16,00:00,UTC,-1
2004,12,17,00:00,UTC,-1
2004,12,18,00:00,UTC,-1
2004,12,19,00:00,UTC,-1
2004,12,20,00:00,UTC,10
2004,12,21,00:00,UTC,12
2004,12,22,00:00,UTC,10
2004,12,23,00:00,UTC,15
2004,12,24,00:00,UTC,15
2004,12,25,00:00,UTC,15
2004,12,26,00:00,UTC,19
2004,12,27,00:00,UTC,19
2004,12,28,00:00,UTC,19
2004,12,29,00:00,UTC,21
2004,12,30,00:00,UTC,19
2004,12,31,00:00,UTC,12
2005,1,1,00:00,UTC,12
2005,1,2,00:00,UTC,11
2005,1,3,00:00,UTC,13
2005,1,4,00:00,UTC,13
2005,1,5,00:00,UTC,17
2005,1,6,00:00,UTC,18
2005,1,7,00:00,UTC,15
2005,1,8,00:00,UTC,14
2005,1,9,00:00,UTC,9
2005,1,10,00:00,UTC,9
2005,1,11,00:00,UTC,6
2005,1,12,00:00,UTC,5
2005,1,13,00:00,UTC,1
2005,1,14,00:00,UTC,1
2005,1,15,00:00,UTC,1
2005,1,16,00:00,UTC,3
2005,1,17,00:00,UTC,0
2005,1,18,00:00,UTC,-1
2005,1,19,00:00,UTC,-1
2005,1,20,00:00,UTC,10
2005,1,21,00:00,UTC,26
2005,1,22,00:00,UTC,32
2005,1,23,00:00,UTC,32
2005,1,24,00:00,UTC,37
2005,1,25,00:00,UTC,37
2005,1,26,00:00,UTC,37
2005,1,27,00:00,UTC,40
2005,1,28,00:00,UTC,40
2005,1,29,00:00,UTC,44
2005,1,30,00:00,UTC,45
2005,1,31,00:00,UTC,45
2005,2,1,00:00,UTC,45
2005,2,2,00:00,UTC,45
2005,2,3,00:00,UTC,40
2005,2,4,00:00,UTC,38
2005,2,5,00:00,UTC,39
2005,2,6,00:00,UTC,34
2005,2,7,00:00,UTC,30
2005,2,8,00:00,UTC,29
2005,2,9,00:00,UTC,29
2005,2,10,00:00,UTC,29
2005,2,11,00:00,UTC,32
2005,2,12,00:00,UTC,30
2005,2,13,00:00,UTC,30
2005,2,14,00:00,UTC,35
2005,2,15,00:00,UTC,35
2005,2,16,00:00,UTC,36
2005,2,17,00:00,UTC,33
2005,2,18,00:00,UTC,33
2005,2,19,00:00,UTC,39
2005,2,20,00:00,UTC,40
2005,2,21,00:00,UTC,39
2005,2,22,00:00,UTC,39
2005,2,23,00:00,UTC,40
2005,2,24,00:00,UTC,39
2005,2,25,00:00,UTC,39
2005,2,26,00:00,UTC,39
2005,2,27,00:00,UTC,39
2005,2,28,00:00,UTC,38
2005,3,1,00:00,UTC,38
2005,3,2,00:00,UTC,38
2005,3,3,00:00,UTC,38
2005,3,4,00:00,UTC,38
2005,3,5,00:00,UTC,38
2005,3,6,00:00,UTC,38
2005,3,7,00:00,UTC,38
2005,3,8,00:00,UTC,39
2005,3,9,00:00,UTC,38
2005,3,10,00:00,UTC,38
2005,3,11,00:00,UTC,38
2005,3,12,00:00,UTC,39
2005,3,13,00:00,UTC,39
2005,3,14,00:00,UTC,39
2005,3,15,00:00,UTC,39
2005,3,16,00:00,UTC,38
2005,3,17,00:00,UTC,42
2005,3,18,00:00,UTC,43
2005,3,19,00:00,UTC,42
2005,3,20,00:00,UTC,42
2005,3,21,00:00,UTC,41
2005,3,22,00:00,UTC,41
2005,3,23,00:00,UTC,41
2005,3,24,00:00,UTC,41
2005,3,25,00:00,UTC,41
2005,3,26,00:00,UTC,33
2005,3,27,00:00,UTC,31
2005,3,28,00:00,UTC,31
2005,3,29,00:00,UTC,31
2005,3,30,00:00,UTC,30
2005,3,31,00:00,UTC,30
2005,4,1,00:00,UTC,30
2005,4,2,00:00,UTC,30
2005,4,3,00:00,UTC,29
2005,4,4,00:00,UTC,25
2005,4,5,00:00,UTC,23
2005,4,6,00:00,UTC,19
2005,4,7,00:00,UTC,16
2005,4,8,00:00,UTC,10
2005,4,9,00:00,UTC,7
2005,4,10,00:00,UTC,4
2005,4,11,00:00,UTC,2
2005,4,12,00:00,UTC,-1
2005,4,13,00:00,UTC,-1
2005,4,14,00:00,UTC,-1
2005,4,15,00:00,UTC,-1
2005,4,16,00:00,UTC,-1
2005,4,17,00:00,UTC,-1
2005,4,18,00:00,UTC,-1
2005,4,19,00:00,UTC,-1
2005,4,20,00:00,UTC,-1
2005,4,21,00:00,UTC,-1
2005,4,22,00:00,UTC,2
2005,4,23,00:00,UTC,-1
2005,4,24,00:00,UTC,-1
2005,4,25,00:00,UTC,-1
2005,4,26,00:00,UTC,-1
2005,4,27,00:00,UTC,-1
2005,4,28,00:00,UTC,-1
2005,4,29,00:00,UTC,-1
2005,4,30,00:00,UTC,-1
2005,5,1,00:00,UTC,-1
2005,5,2,00:00,UTC,-1
2005,5,3,00:00,UTC,-1
2005,5,4,00:00,UTC,-1
2005,5,5,00:00,UTC,-1
2005,5,6,00:00,UTC,-1
2005,5,7,00:00,UTC,-1
2005,5,8,00:00,UTC,-1
2005,5,9,00:00,UTC,-1
2005,5,10,00:00,UTC,-1
2005,5,11,00:00,UTC,-1
2005,5,12,00:00,UTC,-1
2005,5,13,00:00,UTC,-1
2005,5,14,00:00,UTC,-1
2005,5,15,00:00,UTC,-1
2005,5,16,00:00,UTC,-1
2005,5,17,00:00,UTC,-1
2005,5,18,00:00,UTC,-1
2005,5,19,00:00,UTC,-1
2005,5,20,00:00,UTC,-1
2005,5,21,00:00,UTC,-1
2005,5,22,00:00,UTC,-1
2005,5,23,00:00,UTC,-1
2005,5,24,00:00,UTC,-1
2005,5,25,00:00,UTC,-1
2005,5,26,00:00,UTC,-1
2005,5,27,00:00,UTC,-1
2005,5,28,00:00,UTC,-1
2005,5,29,00:00,UTC,-1
2005,5,30,00:00,UTC,-1
2005,5,31,00:00,UTC,-1
2005,6,1,00:00,UTC,-1
2005,6,2,00:00,UTC,-1
2005,6,3,00:00,UTC,-1
2005,6,4,00:00,UTC,-1
2005,6,5,00:00,UTC,-1
2005,6,6,00:00,UTC,-1
2005,6,7,00:00,UTC,-1
2005,6,8,00:00,UTC,-1
2005,6,9,00:00,UTC,-1
2005,6,10,00:00,UTC,-1
2005,6,11,00:00,UTC,-1
2005,6,12,00:00,UTC,-1
2005,6,13,00:00,UTC,-1
2005,6,14,00:00,UTC,-1
2005,6,15,00:00,UTC,-1
2005,6,16,00:00,UTC,-1
2005,6,17,00:00,UTC,-1
2005,6,18,00:00,UTC,-1
2005,6,19,00:00,UTC,-1
2005,6,20,00:00,UTC,-1
2005,6,21,00:00,UTC,-1
2005,6,22,00:00,UTC,-1
2005,6,23,00:00,UTC,-1
2005,6,24,00:00,UTC,-1
2005,6,25,00:00,UTC,-1
2005,6,26,00:00,UTC,-1
2005,6,27,00:00,UTC,-1
2005,6,28,00:00,UTC,-1
2005,6,29,00:00,UTC,-1
2005,6,30,00:00,UTC,-1
2005,7,1,00:00,UTC,-1
2005,7,2,00:00,UTC,-1
2005,7,3,00:00,UTC,-1
2005,7,4,00:00,UTC,-1
2005,7,5,00:00,UTC,-1
2005,7,6,00:00,UTC,-1
2005,7,7,00:00,UTC,-1
2005,7,8,00:00,UTC,-1
2005,7,9,00:00,UTC,-1
2005,7,10,00:00,UTC,-1
2005,7,11,00:00,UTC,-1
2005,7,12,00:00,UTC,-1
2005,7,13,00:00,UTC,-1
2005,7,14,00:00,UTC,-1
2005,7,15,00:00,UTC,-1
2005,7,16,00:00,UTC,-1
2005,7,17,00:00,UTC,-1
2005,7,18,00:00,UTC,-1
2005,7,19,00:00,UTC,-1
2005,7,20,00:00,UTC,-1
2005,7,21,00:00,UTC,-1
2005,7,22,00:00,UTC,-1
2005,7,23,00:00,UTC,-1
2005,7,24,00:00,UTC,-1
2005,7,25,00:00,UTC,-1
2005,7,26,00:00,UTC,-1
2005,7,27,00:00,UTC,-1
2005,7,28,00:00,UTC,-1
2005,7,29,00:00,UTC,-1
2005,7,30,00:00,UTC,-1
2005,7,31,00:00,UTC,-1
2005,8,1,00:00,UTC,-1
2005,8,2,00:00,UTC,-1
2005,8,3,00:00,UTC,-1
2005,8,4,00:00,UTC,-1
2005,8,5,00:00,UTC,-1
2005,8,6,00:00,UTC,-1
2005,8,7,00:00,UTC,-1
2005,8,8,00:00,UTC,-1
2005,8,9,00:00,UTC,-1
2005,8,10,00:00,UTC,-1
2005,8,11,00:00,UTC,-1
2005,8,12,00:00,UTC,-1
2005,8,13,00:00,UTC,-1
2005,8,14,00:00,UTC,-1
2005,8,15,00:00,UTC,-1
2005,8,16,00:00,UTC,-1
2005,8,17,00:00,UTC,-1
2005,8,18,00:00,UTC,-1
2005,8,19,00:00,UTC,-1
2005,8,20,00:00,UTC,-1
2005,8,21,00:00,UTC,-1
2005,8,22,00:00,UTC,-1
2005,8,23,00:00,UTC,-1
2005,8,24,00:00,UTC,-1
2005,8,25,00:00,UTC,-1
2005,8,26,00:00,UTC,-1
2005,8,27,00:00,UTC,-1
2005,8,28,00:00,UTC,-1
2005,8,29,00:00,UTC,-1
2005,8,30,00:00,UTC,-1
2005,8,31,00:00,UTC,-1
2005,9,1,00:00,UTC,-1
2005,9,2,00:00,UTC,-1
2005,9,3,00:00,UTC,-1
2005,9,4,00:00,UTC,-1
2005,9,5,00:00,UTC,-1
2005,9,6,00:00,UTC,-1
2005,9,7,00:00,UTC,-1
2005,9,8,00:00,UTC,-1
2005,9,9,00:00,UTC,-1
2005,9,10,00:00,UTC,-1
2005,9,11,00:00,UTC,-1
2005,9,12,00:00,UTC,-1
2005,9,13,00:00,UTC,-1
2005,9,14,00:00,UTC,-1
2005,9,15,00:00,UTC,-1
2005,9,16,00:00,UTC,-1
2005,9,17,00:00,UTC,-1
2005,9,18,00:00,UTC,-1
2005,9,19,00:00,UTC,-1
2005,9,20,00:00,UTC,-1
2005,9,21,00:00,UTC,-1
2005,9,22,00:00,UTC,-1
2005,9,23,00:00,UTC,-1
2005,9,24,00:00,UTC,-1
2005,9,25,00:00,UTC,-1
2005,9,26,00:00,UTC,-1
2005,9,27,00:00,UTC,-1
2005,9,28,00:00,UTC,-1
2005,9,29,00:00,UTC,-1
2005,9,30,00:00,UTC,-1
2005,10,1,00:00,UTC,-1
2005,10,2,00:00,UTC,-1
2005,10,3,00:00,UTC,-1
2005,10,4,00:00,UTC,-1
2005,10,5,00:00,UTC,-1
2005,10,6,00:00,UTC,-1
2005,10,7,00:00,UTC,-1
2005,10,8,00:00,UTC,-1
2005,10,9,00:00,UTC,-1
2005,10,10,00:00,UTC,-1
2005,10,11,00:00,UTC,-1
2005,10,12,00:00,UTC,-1
2005,10,13,00:00,UTC,-1
2005,10,14,00:00,UTC,-1
2005,10,15,00:00,UTC,-1
2005,10,16,00:00,UTC,-1
2005,10,17,00:00,UTC,-1
2005,10,18,00:00,UTC,-1
2005,10,19,00:00,UTC,-1
2005,10,20,00:00,UTC,-1
2005,10,21,00:00,UTC,-1
2005,10,22,00:00,UTC,-1
2005,10,23,00:00,UTC,-1
2005,10,24,00:00,UTC,-1
2005,10,25,00:00,UTC,-1
2005,10,26,00:00,UTC,3
2005,10,27,00:00,UTC,3
2005,10,28,00:00,UTC,3
2005,10,29,00:00,UTC,0
2005,10,30,00:00,UTC,0
2005,10,31,00:00,UTC,-1
2005,11,1,00:00,UTC,-1
2005,11,2,00:00,UTC,-1
2005,11,3,00:00,UTC,-1
2005,11,4,00:00,UTC,-1
2005,11,5,00:00,UTC,-1
2005,11,6,00:00,UTC,-1
2005,11,7,00:00,UTC,-1
2005,11,8,00:00,UTC,-1
2005,11,9,00:00,UTC,-1
2005,11,10,00:00,UTC,-1
2005,11,11,00:00,UTC,-1
2005,11,12,00:00,UTC,-1
2005,11,13,00:00,UTC,-1
2005,11,14,00:00,UTC,-1
2005,11,15,00:00,UTC,-1
2005,11,16,00:00,UTC,-1
2005,11,17,00:00,UTC,-1
2005,11,18,00:00,UTC,-1
2005,11,19,00:00,UTC,-1
2005,11,20,00:00,UTC,-1
2005,11,21,00:00,UTC,-1
2005,11,22,00:00,UTC,-1
2005,11,23,00:00,UTC,-1
2005,11,24,00:00,UTC,-1
2005,11,25,00:00,UTC,-1
2005,11,26,00:00,UTC,6
2005,11,27,00:00,UTC,7
2005,11,28,00:00,UTC,8
2005,11,29,00:00,UTC,1
2005,11,30,00:00,UTC,1
2005,12,1,00:00,UTC,3
2005,12,2,00:00,UTC,2
2005,12,3,00:00,UTC,1
2005,12,4,00:00,UTC,1
2005,12,5,00:00,UTC,1
2005,12,6,00:00,UTC,6
2005,12,7,00:00,UTC,3
2005,12,8,00:00,UTC,3
2005,12,9,00:00,UTC,3
2005,12,10,00:00,UTC,3
2005,12,11,00:00,UTC,3
2005,12,12,00:00,UTC,1
2005,12,13,00:00,UTC,1
2005,12,14,00:00,UTC,1
2005,12,15,00:00,UTC,1
2005,12,16,00:00,UTC,1
2005,12,17,00:00,UTC,1
2005,12,18,00:00,UTC,2
2005,12,19,00:00,UTC,2
2005,12,20,00:00,UTC,2
2005,12,21,00:00,UTC,2
2005,12,22,00:00,UTC,2
2005,12,23,00:00,UTC,2
2005,12,24,00:00,UTC,5
2005,12,25,00:00,UTC,10
2005,12,26,00:00,UTC,11
2005,12,27,00:00,UTC,11
2005,12,28,00:00,UTC,11
2005,12,29,00:00,UTC,11
2005,12,30,00:00,UTC,11
2005,12,31,00:00,UTC,10
2006,1,1,00:00,UTC,8
2006,1,2,00:00,UTC,17
2006,1,3,00:00,UTC,16
2006,1,4,00:00,UTC,16
2006,1,5,00:00,UTC,16
2006,1,6,00:00,UTC,16
2006,1,7,00:00,UTC,15
2006,1,8,00:00,UTC,15
2006,1,9,00:00,UTC,15
2006,1,10,00:00,UTC,15
2006,1,11,00:00,UTC,13
2006,1,12,00:00,UTC,9
2006,1,13,00:00,UTC,8
2006,1,14,00:00,UTC,7
2006,1,15,00:00,UTC,6
2006,1,16,00:00,UTC,6
2006,1,17,00:00,UTC,8
2006,1,18,00:00,UTC,7
2006,1,19,00:00,UTC,6
2006,1,20,00:00,UTC,9
2006,1,21,00:00,UTC,17
2006,1,22,00:00,UTC,15
2006,1,23,00:00,UTC,15
2006,1,24,00:00,UTC,15
2006,1,25,00:00,UTC,15
2006,1,26,00:00,UTC,15
2006,1,27,00:00,UTC,14
2006,1,28,00:00,UTC,12
2006,1,29,00:00,UTC,12
2006,1,30,00:00,UTC,12
2006,1,31,00:00,UTC,12
2006,2,1,00:00,UTC,12
2006,2,2,00:00,UTC,15
2006,2,3,00:00,UTC,24
2006,2,4,00:00,UTC,22
2006,2,5,00:00,UTC,22
2006,2,6,00:00,UTC,22
2006,2,7,00:00,UTC,23
2006,2,8,00:00,UTC,25
2006,2,9,00:00,UTC,23
2006,2,10,00:00,UTC,23
2006,2,11,00:00,UTC,22
2006,2,12,00:00,UTC,22
2006,2,13,00:00,UTC,22
2006,2,14,00:00,UTC,25
2006,2,15,00:00,UTC,25
2006,2,16,00:00,UTC,23
2006,2,17,00:00,UTC,23
2006,2,18,00:00,UTC,23
2006,2,19,00:00,UTC,24
2006,2,20,00:00,UTC,23
2006,2,21,00:00,UTC,23
2006,2,22,00:00,UTC,23
2006,2,23,00:00,UTC,23
2006,2,24,00:00,UTC,22
2006,2,25,00:00,UTC,22
2006,2,26,00:00,UTC,22
2006,2,27,00:00,UTC,22
2006,2,28,00:00,UTC,22
2006,3,1,00:00,UTC,28
2006,3,2,00:00,UTC,27
2006,3,3,00:00,UTC,27
2006,3,4,00:00,UTC,29
2006,3,5,00:00,UTC,31
2006,3,6,00:00,UTC,34
2006,3,7,00:00,UTC,35
2006,3,8,00:00,UTC,34
2006,3,9,00:00,UTC,36
2006,3,10,00:00,UTC,34
2006,3,11,00:00,UTC,34
2006,3,12,00:00,UTC,34
2006,3,13,00:00,UTC,33
2006,3,14,00:00,UTC,33
2006,3,15,00:00,UTC,33
2006,3,16,00:00,UTC,31
2006,3,17,00:00,UTC,31
2006,3,18,00:00,UTC,30
2006,3,19,00:00,UTC,34
2006,3,20,00:00,UTC,35
2006,3,21,00:00,UTC,35
2006,3,22,00:00,UTC,35
2006,3,23,00:00,UTC,35
2006,3,24,00:00,UTC,33
2006,3,25,00:00,UTC,45
2006,3,26,00:00,UTC,41
2006,3,27,00:00,UTC,40
2006,3,28,00:00,UTC,39
2006,3,29,00:00,UTC,36
2006,3,30,00:00,UTC,32
2006,3,31,00:00,UTC,30
2006,4,1,00:00,UTC,27
2006,4,2,00:00,UTC,23
2006,4,3,00:00,UTC,25
2006,4,4,00:00,UTC,23
2006,4,5,00:00,UTC,23
2006,4,6,00:00,UTC,22
2006,4,7,00:00,UTC,21
2006,4,8,00:00,UTC,20
2006,4,9,00:00,UTC,20
2006,4,10,00:00,UTC,18
2006,4,11,00:00,UTC,18
2006,4,12,00:00,UTC,17
2006,4,13,00:00,UTC,12
2006,4,14,00:00,UTC,11
2006,4,15,00:00,UTC,8
2006,4,16,00:00,UTC,1
2006,4,17,00:00,UTC,1
2006,4,18,00:00,UTC,0
2006,4,19,00:00,UTC,0
2006,4,20,00:00,UTC,-1
2006,4,21,00:00,UTC,-1
2006,4,22,00:00,UTC,-1
2006,4,23,00:00,UTC,-1
2006,4,24,00:00,UTC,-1
2006,4,25,00:00,UTC,-1
2006,4,26,00:00,UTC,-1
2006,4,27,00:00,UTC,-1
2006,4,28,00:00,UTC,-1
2006,4,29,00:00,UTC,-1
2006,4,30,00:00,UTC,-1
2006,5,1,00:00,UTC,-1
2006,5,2,00:00,UTC,-1
2006,5,3,00:00,UTC,-1
2006,5,4,00:00,UTC,-1
2006,5,5,00:00,UTC,-1
2006,5,6,00:00,UTC,-1
2006,5,7,00:00,UTC,-1
2006,5,8,00:00,UTC,-1
2006,5,9,00:00,UTC,-1
2006,5,10,00:00,UTC,-1
2006,5,11,00:00,UTC,-1
2006,5,12,00:00,UTC,-1
2006,5,13,00:00,UTC,-1
2006,5,14,00:00,UTC,-1
2006,5,15,00:00,UTC,-1
2006,5,16,00:00,UTC,-1
2006,5,17,00:00,UTC,-1
2006,5,18,00:00,UTC,-1
2006,5,19,00:00,UTC,-1
2006,5,20,00:00,UTC,-1
2006,5,21,00:00,UTC,-1
2006,5,22,00:00,UTC,-1
2006,5,23,00:00,UTC,-1
2006,5,24,00:00,UTC,-1
2006,5,25,00:00,UTC,-1
2006,5,26,00:00,UTC,-1
2006,5,27,00:00,UTC,-1
2006,5,28,00:00,UTC,-1
2006,5,29,00:00,UTC,-1
2006,5,30,00:00,UTC,-1
2006,5,31,00:00,UTC,-1
2006,6,1,00:00,UTC,-1
2006,6,2,00:00,UTC,-1
2006,6,3,00:00,UTC,-1
2006,6,4,00:00,UTC,-1
2006,6,5,00:00,UTC,-1
2006,6,6,00:00,UTC,-1
2006,6,7,00:00,UTC,-1
2006,6,8,00:00,UTC,-1
2006,6,9,00:00,UTC,-1
2006,6,10,00:00,UTC,-1
2006,6,11,00:00,UTC,-1
2006,6,12,00:00,UTC,-1
2006,6,13,00:00,UTC,-1
2006,6,14,00:00,UTC,-1
2006,6,15,00:00,UTC,-1
2006,6,16,00:00,UTC,-1
2006,6,17,00:00,UTC,-1
2006,6,18,00:00,UTC,-1
2006,6,19,00:00,UTC,-1
2006,6,20,00:00,UTC,-1
2006,6,21,00:00,UTC,-1
2006,6,22,00:00,UTC,-1
2006,6,23,00:00,UTC,-1
2006,6,24,00:00,UTC,-1
2006,6,25,00:00,UTC,-1
2006,6,26,00:00,UTC,-1
2006,6,27,00:00,UTC,-1
2006,6,28,00:00,UTC,-1
2006,6,29,00:00,UTC,-1
2006,6,30,00:00,UTC,-1
2006,7,1,00:00,UTC,-1
2006,7,2,00:00,UTC,-1
2006,7,3,00:00,UTC,-1
2006,7,4,00:00,UTC,-1
2006,7,5,00:00,UTC,-1
2006,7,6,00:00,UTC,-1
2006,7,7,00:00,UTC,-1
2006,7,8,00:00,UTC,-1
2006,7,9,00:00,UTC,-1
2006,7,10,00:00,UTC,-1
2006,7,11,00:00,UTC,-1
2006,7,12,00:00,UTC,-1
2006,7,13,00:00,UTC,-1
2006,7,14,00:00,UTC,-1
2006,7,15,00:00,UTC,-1
2006,7,16,00:00,UTC,-1
2006,7,17,00:00,UTC,-1
2006,7,18,00:00,UTC,-1
2006,7,19,00:00,UTC,-1
2006,7,20,00:00,UTC,-1
2006,7,21,00:00,UTC,-1
2006,7,22,00:00,UTC,-1
2006,7,23,00:00,UTC,-1
2006,7,24,00:00,UTC,-1
2006,7,25,00:00,UTC,-1
2006,7,26,00:00,UTC,-1
2006,7,27,00:00,UTC,-1
2006,7,28,00:00,UTC,-1
2006,7,29,00:00,UTC,-1
2006,7,30,00:00,UTC,-1
2006,7,31,00:00,UTC,-1
2006,8,1,00:00,UTC,-1
2006,8,2,00:00,UTC,-1
2006,8,3,00:00,UTC,-1
2006,8,4,00:00,UTC,-1
2006,8,5,00:00,UTC,-1
2006,8,6,00:00,UTC,-1
2006,8,7,00:00,UTC,-1
2006,8,8,00:00,UTC,-1
2006,8,9,00:00,UTC,-1
2006,8,10,00:00,UTC,-1
2006,8,11,00:00,UTC,-1
2006,8,12,00:00,UTC,-1
2006,8,13,00:00,UTC,-1
2006,8,14,00:00,UTC,-1
2006,8,15,00:00,UTC,-1
2006,8,16,00:00,UTC,-1
2006,8,17,00:00,UTC,-1
2006,8,18,00:00,UTC,-1
2006,8,19,00:00,UTC,-1
2006,8,20,00:00,UTC,-1
2006,8,21,00:00,UTC,-1
2006,8,22,00:00,UTC,-1
2006,8,23,00:00,UTC,-1
2006,8,24,00:00,UTC,-1
2006,8,25,00:00,UTC,-1
2006,8,26,00:00,UTC,-1
2006,8,27,00:00,UTC,-1
2006,8,28,00:00,UTC,-1
2006,8,29,00:00,UTC,-1
2006,8,30,00:00,UTC,-1
2006,8,31,00:00,UTC,-1
2006,9,1,00:00,UTC,-1
2006,9,2,00:00,UTC,-1
2006,9,3,00:00,UTC,-1
2006,9,4,00:00,UTC,-1
2006,9,5,00:00,UTC,-1
2006,9,6,00:00,UTC,-1
2006,9,7,00:00,UTC,-1
2006,9,8,00:00,UTC,-1
2006,9,9,00:00,UTC,-1
2006,9,10,00:00,UTC,-1
2006,9,11,00:00,UTC,-1
2006,9,12,00:00,UTC,-1
2006,9,13,00:00,UTC,-1
2006,9,14,00:00,UTC,-1
2006,9,15,00:00,UTC,-1
2006,9,16,00:00,UTC,-1
2006,9,17,00:00,UTC,-1
2006,9,18,00:00,UTC,-1
2006,9,19,00:00,UTC,-1
2006,9,20,00:00,UTC,-1
2006,9,21,00:00,UTC,-1
2006,9,22,00:00,UTC,-1
2006,9,23,00:00,UTC,-1
2006,9,24,00:00,UTC,-1
2006,9,25,00:00,UTC,-1
2006,9,26,00:00,UTC,-1
2006,9,27,00:00,UTC,-1
2006,9,28,00:00,UTC,-1
2006,9,29,00:00,UTC,-1
2006,9,30,00:00,UTC,-1
2006,10,1,00:00,UTC,-1
2006,10,2,00:00,UTC,-1
2006,10,3,00:00,UTC,-1
2006,10,4,00:00,UTC,-1
2006,10,5,00:00,UTC,-1
2006,10,6,00:00,UTC,-1
2006,10,7,00:00,UTC,-1
2006,10,8,00:00,UTC,-1
2006,10,9,00:00,UTC,-1
2006,10,10,00:00,UTC,-1
2006,10,11,00:00,UTC,-1
2006,10,12,00:00,UTC,-1
2006,10,13,00:00,UTC,-1
2006,10,14,00:00,UTC,-1
2006,10,15,00:00,UTC,-1
2006,10,16,00:00,UTC,-1
2006,10,17,00:00,UTC,-1
2006,10,18,00:00,UTC,-1
2006,10,19,00:00,UTC,-1
2006,10,20,00:00,UTC,-1
2006,10,21,00:00,UTC,-1
2006,10,22,00:00,UTC,-1
2006,10,23,00:00,UTC,-1
2006,10,24,00:00,UTC,-1
2006,10,25,00:00,UTC,-1
2006,10,26,00:00,UTC,-1
2006,10,27,00:00,UTC,-1
2006,10,28,00:00,UTC,-1
2006,10,29,00:00,UTC,-1
2006,10,30,00:00,UTC,-1
2006,10,31,00:00,UTC,-1
2006,11,1,00:00,UTC,2
2006,11,2,00:00,UTC,3
2006,11,3,00:00,UTC,3
2006,11,4,00:00,UTC,5
2006,11,5,00:00,UTC,5
2006,11,6,00:00,UTC,6
2006,11,7,00:00,UTC,11
2006,11,8,00:00,UTC,11
2006,11,9,00:00,UTC,11
2006,11,10,00:00,UTC,11
2006,11,11,00:00,UTC,11
2006,11,12,00:00,UTC,12
2006,11,13,00:00,UTC,12
2006,11,14,00:00,UTC,12
2006,11,15,00:00,UTC,10
2006,11,16,00:00,UTC,7
2006,11,17,00:00,UTC,3
2006,11,18,00:00,UTC,0
2006,11,19,00:00,UTC,-1
2006,11,20,00:00,UTC,-1
2006,11,21,00:00,UTC,-1
2006,11,22,00:00,UTC,-1
2006,11,23,00:00,UTC,-1
2006,11,24,00:00,UTC,-1
2006,11,25,00:00,UTC,-1
2006,11,26,00:00,UTC,-1
2006,11,27,00:00,UTC,-1
2006,11,28,00:00,UTC,-1
2006,11,29,00:00,UTC,-1
2006,11,30,00:00,UTC,-1
2006,12,1,00:00,UTC,-1
2006,12,2,00:00,UTC,-1
2006,12,3,00:00,UTC,-1
2006,12,4,00:00,UTC,-1
2006,12,5,00:00,UTC,-1
2006,12,6,00:00,UTC,-1
2006,12,7,00:00,UTC,-1
2006,12,8,00:00,UTC,-1
2006,12,9,00:00,UTC,-1
2006,12,10,00:00,UTC,-1
2006,12,11,00:00,UTC,-1
2006,12,12,00:00,UTC,-1
2006,12,13,00:00,UTC,-1
2006,12,14,00:00,UTC,-1
2006,12,15,00:00,UTC,-1
2006,12,16,00:00,UTC,-1
2006,12,17,00:00,UTC,-1
2006,12,18,00:00,UTC,-1
2006,12,19,00:00,UTC,1
2006,12,20,00:00,UTC,7
2006,12,21,00:00,UTC,6
2006,12,22,00:00,UTC,4
2006,12,23,00:00,UTC,4
2006,12,24,00:00,UTC,4
2006,12,25,00:00,UTC,0
2006,12,26,00:00,UTC,0
2006,12,27,00:00,UTC,0
2006,12,28,00:00,UTC,0
2006,12,29,00:00,UTC,0
2006,12,30,00:00,UTC,0
2006,12,31,00:00,UTC,-1
2007,1,1,00:00,UTC,-1
2007,1,2,00:00,UTC,-1
2007,1,3,00:00,UTC,-1
2007,1,4,00:00,UTC,-1
2007,1,5,00:00,UTC,-1
2007,1,6,00:00,UTC,-1
2007,1,7,00:00,UTC,-1
2007,1,8,00:00,UTC,-1
2007,1,9,00:00,UTC,-1
2007,1,10,00:00,UTC,-1
2007,1,11,00:00,UTC,0
2007,1,12,00:00,UTC,2
2007,1,13,00:00,UTC,5
2007,1,14,00:00,UTC,7
2007,1,15,00:00,UTC,7
2007,1,16,00:00,UTC,7
2007,1,17,00:00,UTC,6
2007,1,18,00:00,UTC,5
2007,1,19,00:00,UTC,1
2007,1,20,00:00,UTC,1
2007,1,21,00:00,UTC,6
2007,1,22,00:00,UTC,7
2007,1,23,00:00,UTC,7
2007,1,24,00:00,UTC,15
2007,1,25,00:00,UTC,16
2007,1,26,00:00,UTC,14
2007,1,27,00:00,UTC,24
2007,1,28,00:00,UTC,24
2007,1,29,00:00,UTC,22
2007,1,30,00:00,UTC,21
2007,1,31,00:00,UTC,23
2007,2,1,00:00,UTC,24
2007,2,2,00:00,UTC,26
2007,2,3,00:00,UTC,18
2007,2,4,00:00,UTC,18
2007,2,5,00:00,UTC,18
2007,2,6,00:00,UTC,18
2007,2,7,00:00,UTC,18
2007,2,8,00:00,UTC,19
2007,2,9,00:00,UTC,23
2007,2,10,00:00,UTC,22
2007,2,11,00:00,UTC,20
2007,2,12,00:00,UTC,20
2007,2,13,00:00,UTC,20
2007,2,14,00:00,UTC,20
2007,2,15,00:00,UTC,20
2007,2,16,00:00,UTC,20
2007,2,17,00:00,UTC,20
2007,2,18,00:00,UTC,19
2007,2,19,00:00,UTC,19
2007,2,20,00:00,UTC,19
2007,2,21,00:00,UTC,19
2007,2,22,00:00,UTC,19
2007,2,23,00:00,UTC,19
2007,2,24,00:00,UTC,20
2007,2,25,00:00,UTC,20
2007,2,26,00:00,UTC,20
2007,2,27,00:00,UTC,20
2007,2,28,00:00,UTC,22
2007,3,1,00:00,UTC,23
2007,3,2,00:00,UTC,23
2007,3,3,00:00,UTC,21
2007,3,4,00:00,UTC,21
2007,3,5,00:00,UTC,20
2007,3,6,00:00,UTC,20
2007,3,7,00:00,UTC,20
2007,3,8,00:00,UTC,20
2007,3,9,00:00,UTC,19
2007,3,10,00:00,UTC,17
2007,3,11,00:00,UTC,16
2007,3,12,00:00,UTC,12
2007,3,13,00:00,UTC,10
2007,3,14,00:00,UTC,10
2007,3,15,00:00,UTC,0
2007,3,16,00:00,UTC,-1
2007,3,17,00:00,UTC,-1
2007,3,18,00:00,UTC,-1
2007,3,19,00:00,UTC,10
2007,3,20,00:00,UTC,3
2007,3,21,00:00,UTC,0
2007,3,22,00:00,UTC,0
2007,3,23,00:00,UTC,0
2007,3,24,00:00,UTC,0
2007,3,25,00:00,UTC,0
2007,3,26,00:00,UTC,0
2007,3,27,00:00,UTC,-1
2007,3,28,00:00,UTC,-1
2007,3,29,00:00,UTC,-1
2007,3,30,00:00,UTC,-1
2007,3,31,00:00,UTC,-1
2007,4,1,00:00,UTC,-1
2007,4,2,00:00,UTC,-1
2007,4,3,00:00,UTC,-1
2007,4,4,00:00,UTC,-1
2007,4,5,00:00,UTC,-1
2007,4,6,00:00,UTC,-1
2007,4,7,00:00,UTC,-1
2007,4,8,00:00,UTC,-1
2007,4,9,00:00,UTC,-1
2007,4,10,00:00,UTC,-1
2007,4,11,00:00,UTC,-1
2007,4,12,00:00,UTC,-1
2007,4,13,00:00,UTC,-1
2007,4,14,00:00,UTC,-1
2007,4,15,00:00,UTC,-1
2007,4,16,00:00,UTC,-1
2007,4,17,00:00,UTC,-1
2007,4,18,00:00,UTC,-1
2007,4,19,00:00,UTC,-1
2007,4,20,00:00,UTC,-1
2007,4,21,00:00,UTC,-1
2007,4,22,00:00,UTC,-1
2007,4,23,00:00,UTC,-1
2007,4,24,00:00,UTC,-1
2007,4,25,00:00,UTC,-1
2007,4,26,00:00,UTC,-1
2007,4,27,00:00,UTC,-1
2007,4,28,00:00,UTC,-1
2007,4,29,00:00,UTC,-1
2007,4,30,00:00,UTC,-1
2007,5,1,00:00,UTC,-1
2007,5,2,00:00,UTC,-1
2007,5,3,00:00,UTC,-1
2007,5,4,00:00,UTC,-1
2007,5,5,00:00,UTC,-1
2007,5,6,00:00,UTC,-1
2007,5,7,00:00,UTC,-1
2007,5,8,00:00,UTC,-1
2007,5,9,00:00,UTC,-1
2007,5,10,00:00,UTC,-1
2007,5,11,00:00,UTC,-1
2007,5,12,00:00,UTC,-1
2007,5,13,00:00,UTC,-1
2007,5,14,00:00,UTC,-1
2007,5,15,00:00,UTC,-1
2007,5,16,00:00,UTC,-1
2007,5,17,00:00,UTC,-1
2007,5,18,00:00,UTC,-1
2007,5,19,00:00,UTC,-1
2007,5,20,00:00,UTC,-1
2007,5,21,00:00,UTC,-1
2007,5,22,00:00,UTC,-1
2007,5,23,00:00,UTC,-1
2007,5,24,00:00,UTC,-1
2007,5,25,00:00,UTC,-1
2007,5,26,00:00,UTC,-1
2007,5,27,00:00,UTC,-1
2007,5,28,00:00,UTC,-1
2007,5,29,00:00,UTC,-1
2007,5,30,00:00,UTC,-1
2007,5,31,00:00,UTC,-1
2007,6,1,00:00,UTC,-1
2007,6,2,00:00,UTC,-1
2007,6,3,00:00,UTC,-1
2007,6,4,00:00,UTC,-1
2007,6,5,00:00,UTC,-1
2007,6,6,00:00,UTC,-1
2007,6,7,00:00,UTC,-1
2007,6,8,00:00,UTC,-1
2007,6,9,00:00,UTC,-1
2007,6,10,00:00,UTC,-1
2007,6,11,00:00,UTC,-1
2007,6,12,00:00,UTC,-1
2007,6,13,00:00,UTC,-1
2007,6,14,00:00,UTC,-1
2007,6,15,00:00,UTC,-1
2007,6,16,00:00,UTC,-1
2007,6,17,00:00,UTC,-1
2007,6,18,00:00,UTC,-1
2007,6,19,00:00,UTC,-1
2007,6,20,00:00,UTC,-1
2007,6,21,00:00,UTC,-1
2007,6,22,00:00,UTC,-1
2007,6,23,00:00,UTC,-1
2007,6,24,00:00,UTC,-1
2007,6,25,00:00,UTC,-1
2007,6,26,00:00,UTC,-1
2007,6,27,00:00,UTC,-1
2007,6,28,00:00,UTC,-1
2007,6,29,00:00,UTC,-1
2007,6,30,00:00,UTC,-1
2007,7,1,00:00,UTC,-1
2007,7,2,00:00,UTC,-1
2007,7,3,00:00,UTC,-1
2007,7,4,00:00,UTC,-1
2007,7,5,00:00,UTC,-1
2007,7,6,00:00,UTC,-1
2007,7,7,00:00,UTC,-1
2007,7,8,00:00,UTC,-1
2007,7,9,00:00,UTC,-1
2007,7,10,00:00,UTC,-1
2007,7,11,00:00,UTC,-1
2007,7,12,00:00,UTC,-1
2007,7,13,00:00,UTC,-1
2007,7,14,00:00,UTC,-1
2007,7,15,00:00,UTC,-1
2007,7,16,00:00,UTC,-1
2007,7,17,00:00,UTC,-1
2007,7,18,00:00,UTC,-1
2007,7,19,00:00,UTC,-1
2007,7,20,00:00,UTC,-1
2007,7,21,00:00,UTC,-1
2007,7,22,00:00,UTC,-1
2007,7,23,00:00,UTC,-1
2007,7,24,00:00,UTC,-1
2007,7,25,00:00,UTC,-1
2007,7,26,00:00,UTC,-1
2007,7,27,00:00,UTC,-1
2007,7,28,00:00,UTC,-1
2007,7,29,00:00,UTC,-1
2007,7,30,00:00,UTC,-1
2007,7,31,00:00,UTC,-1
2007,8,1,00:00,UTC,-1
2007,8,2,00:00,UTC,-1
2007,8,3,00:00,UTC,-1
2007,8,4,00:00,UTC,-1
2007,8,5,00:00,UTC,-1
2007,8,6,00:00,UTC,-1
2007,8,7,00:00,UTC,-1
2007,8,8,00:00,UTC,-1
2007,8,9,00:00,UTC,-1
2007,8,10,00:00,UTC,-1
2007,8,11,00:00,UTC,-1
2007,8,12,00:00,UTC,-1
2007,8,13,00:00,UTC,-1
2007,8,14,00:00,UTC,-1
2007,8,15,00:00,UTC,-1
2007,8,16,00:00,UTC,-1
2007,8,17,00:00,UTC,-1
2007,8,18,00:00,UTC,-1
2007,8,19,00:00,UTC,-1
2007,8,20,00:00,UTC,-1
2007,8,21,00:00,UTC,-1
2007,8,22,00:00,UTC,-1
2007,8,23,00:00,UTC,-1
2007,8,24,00:00,UTC,-1
2007,8,25,00:00,UTC,-1
2007,8,26,00:00,UTC,-1
2007,8,27,00:00,UTC,-1
2007,8,28,00:00,UTC,-1
2007,8,29,00:00,UTC,-1
2007,8,30,00:00,UTC,-1
2007,8,31,00:00,UTC,-1
2007,9,1,00:00,UTC,-1
2007,9,2,00:00,UTC,-1
2007,9,3,00:00,UTC,-1
2007,9,4,00:00,UTC,-1
2007,9,5,00:00,UTC,-1
2007,9,6,00:00,UTC,-1
2007,9,7,00:00,UTC,-1
2007,9,8,00:00,UTC,-1
2007,9,9,00:00,UTC,-1
2007,9,10,00:00,UTC,-1
2007,9,11,00:00,UTC,-1
2007,9,12,00:00,UTC,-1
2007,9,13,00:00,UTC,-1
2007,9,14,00:00,UTC,-1
2007,9,15,00:00,UTC,-1
2007,9,16,00:00,UTC,-1
2007,9,17,00:00,UTC,-1
2007,9,18,00:00,UTC,-1
2007,9,19,00:00,UTC,-1
2007,9,20,00:00,UTC,-1
2007,9,21,00:00,UTC,-1
2007,9,22,00:00,UTC,-1
2007,9,23,00:00,UTC,-1
2007,9,24,00:00,UTC,-1
2007,9,25,00:00,UTC,-1
2007,9,26,00:00,UTC,-1
2007,9,27,00:00,UTC,-1
2007,9,28,00:00,UTC,-1
2007,9,29,00:00,UTC,-1
2007,9,30,00:00,UTC,-1
2007,10,1,00:00,UTC,-1
2007,10,2,00:00,UTC,-1
2007,10,3,00:00,UTC,-1
2007,10,4,00:00,UTC,-1
2007,10,5,00:00,UTC,-1
2007,10,6,00:00,UTC,-1
2007,10,7,00:00,UTC,-1
2007,10,8,00:00,UTC,-1
2007,10,9,00:00,UTC,-1
2007,10,10,00:00,UTC,-1
2007,10,11,00:00,UTC,-1
2007,10,12,00:00,UTC,-1
2007,10,13,00:00,UTC,-1
2007,10,14,00:00,UTC,-1
2007,10,15,00:00,UTC,-1
2007,10,16,00:00,UTC,-1
2007,10,17,00:00,UTC,-1
2007,10,18,00:00,UTC,-1
2007,10,19,00:00,UTC,-1
2007,10,20,00:00,UTC,-1
2007,10,21,00:00,UTC,-1
2007,10,22,00:00,UTC,-1
2007,10,23,00:00,UTC,-1
2007,10,24,00:00,UTC,-1
2007,10,25,00:00,UTC,-1
2007,10,26,00:00,UTC,-1
2007,10,27,00:00,UTC,-1
2007,10,28,00:00,UTC,-1
2007,10,29,00:00,UTC,-1
2007,10,30,00:00,UTC,-1
2007,10,31,00:00,UTC,-1
2007,11,1,00:00,UTC,-1
2007,11,2,00:00,UTC,-1
2007,11,3,00:00,UTC,-1
2007,11,4,00:00,UTC,2
2007,11,5,00:00,UTC,2
2007,11,6,00:00,UTC,-1
2007,11,7,00:00,UTC,-1
2007,11,8,00:00,UTC,-1
2007,11,9,00:00,UTC,-1
2007,11,10,00:00,UTC,-1
2007,11,11,00:00,UTC,-1
2007,11,12,00:00,UTC,-1
2007,11,13,00:00,UTC,0
2007,11,14,00:00,UTC,0
2007,11,15,00:00,UTC,0
2007,11,16,00:00,UTC,2
2007,11,17,00:00,UTC,2
2007,11,18,00:00,UTC,0
2007,11,19,00:00,UTC,-1
2007,11,20,00:00,UTC,-1
2007,11,21,00:00,UTC,-1
2007,11,22,00:00,UTC,-1
2007,11,23,00:00,UTC,-1
2007,11,24,00:00,UTC,-1
2007,11,25,00:00,UTC,-1
2007,11,26,00:00,UTC,-1
2007,11,27,00:00,UTC,1
2007,11,28,00:00,UTC,1
2007,11,29,00:00,UTC,2
2007,11,30,00:00,UTC,2
2007,12,1,00:00,UTC,2
2007,12,2,00:00,UTC,10
2007,12,3,00:00,UTC,3
2007,12,4,00:00,UTC,5
2007,12,5,00:00,UTC,5
2007,12,6,00:00,UTC,0
2007,12,7,00:00,UTC,-1
2007,12,8,00:00,UTC,-1
2007,12,9,00:00,UTC,-1
2007,12,10,00:00,UTC,-1
2007,12,11,00:00,UTC,-1
2007,12,12,00:00,UTC,-1
2007,12,13,00:00,UTC,-1
2007,12,14,00:00,UTC,-1
2007,12,15,00:00,UTC,-1
2007,12,16,00:00,UTC,-1
2007,12,17,00:00,UTC,-1
2007,12,18,00:00,UTC,-1
2007,12,19,00:00,UTC,-1
2007,12,20,00:00,UTC,-1
2007,12,21,00:00,UTC,-1
2007,12,22,00:00,UTC,-1
2007,12,23,00:00,UTC,-1
2007,12,24,00:00,UTC,-1
2007,12,25,00:00,UTC,-1
2007,12,26,00:00,UTC,-1
2007,12,27,00:00,UTC,-1
2007,12,28,00:00,UTC,-1
2007,12,29,00:00,UTC,-1
2007,12,30,00:00,UTC,-1
2007,12,31,00:00,UTC,0
2008,1,1,00:00,UTC,-1
2008,1,2,00:00,UTC,0
2008,1,3,00:00,UTC,0
2008,1,4,00:00,UTC,0
2008,1,5,00:00,UTC,0
2008,1,6,00:00,UTC,0
2008,1,7,00:00,UTC,5
2008,1,8,00:00,UTC,7
2008,1,9,00:00,UTC,8
2008,1,10,00:00,UTC,5
2008,1,11,00:00,UTC,2
2008,1,12,00:00,UTC,-1
2008,1,13,00:00,UTC,-1
2008,1,14,00:00,UTC,-1
2008,1,15,00:00,UTC,-1
2008,1,16,00:00,UTC,-1
2008,1,17,00:00,UTC,-1
2008,1,18,00:00,UTC,-1
2008,1,19,00:00,UTC,-1
2008,1,20,00:00,UTC,-1
2008,1,21,00:00,UTC,-1
2008,1,22,00:00,UTC,0
2008,1,23,00:00,UTC,2
2008,1,24,00:00,UTC,2
2008,1,25,00:00,UTC,7
2008,1,26,00:00,UTC,7
2008,1,27,00:00,UTC,5
2008,1,28,00:00,UTC,5
2008,1,29,00:00,UTC,4
2008,1,30,00:00,UTC,1
2008,1,31,00:00,UTC,2
2008,2,1,00:00,UTC,1
2008,2,2,00:00,UTC,3
2008,2,3,00:00,UTC,3
2008,2,4,00:00,UTC,8
2008,2,5,00:00,UTC,6
2008,2,6,00:00,UTC,5
2008,2,7,00:00,UTC,3
2008,2,8,00:00,UTC,3
2008,2,9,00:00,UTC,3
2008,2,10,00:00,UTC,1
2008,2,11,00:00,UTC,0
2008,2,12,00:00,UTC,0
2008,2,13,00:00,UTC,-1
2008,2,14,00:00,UTC,-1
2008,2,15,00:00,UTC,-1
2008,2,16,00:00,UTC,-1
2008,2,17,00:00,UTC,-1
2008,2,18,00:00,UTC,-1
2008,2,19,00:00,UTC,-1
2008,2,20,00:00,UTC,-1
2008,2,21,00:00,UTC,0
2008,2,22,00:00,UTC,-1
2008,2,23,00:00,UTC,-1
2008,2,24,00:00,UTC,-1
2008,2,25,00:00,UTC,-1
2008,2,26,00:00,UTC,-1
2008,2,27,00:00,UTC,1
2008,2,28,00:00,UTC,0
2008,2,29,00:00,UTC,0
2008,3,1,00:00,UTC,1
2008,3,2,00:00,UTC,8
2008,3,3,00:00,UTC,8
2008,3,4,00:00,UTC,15
2008,3,5,00:00,UTC,14
2008,3,6,00:00,UTC,13
2008,3,7,00:00,UTC,12
2008,3,8,00:00,UTC,10
2008,3,9,00:00,UTC,10
2008,3,10,00:00,UTC,5
2008,3,11,00:00,UTC,-1
2008,3,12,00:00,UTC,-1
2008,3,13,00:00,UTC,-1
2008,3,14,00:00,UTC,-1
2008,3,15,00:00,UTC,1
2008,3,16,00:00,UTC,3
2008,3,17,00:00,UTC,2
2008,3,18,00:00,UTC,-1
2008,3,19,00:00,UTC,3
2008,3,20,00:00,UTC,1
2008,3,21,00:00,UTC,0
2008,3,22,00:00,UTC,0
2008,3,23,00:00,UTC,3
2008,3,24,00:00,UTC,4
2008,3,25,00:00,UTC,2
2008,3,26,00:00,UTC,7
2008,3,27,00:00,UTC,15
2008,3,28,00:00,UTC,10
2008,3,29,00:00,UTC,7
2008,3,30,00:00,UTC,5
2008,3,31,00:00,UTC,4
2008,4,1,00:00,UTC,0
2008,4,2,00:00,UTC,0
2008,4,3,00:00,UTC,-1
2008,4,4,00:00,UTC,-1
2008,4,5,00:00,UTC,-1
2008,4,6,00:00,UTC,-1
2008,4,7,00:00,UTC,-1
2008,4,8,00:00,UTC,-1
2008,4,9,00:00,UTC,-1
2008,4,10,00:00,UTC,-1
2008,4,11,00:00,UTC,-1
2008,4,12,00:00,UTC,-1
2008,4,13,00:00,UTC,-1
2008,4,14,00:00,UTC,-1
2008,4,15,00:00,UTC,-1
2008,4,16,00:00,UTC,-1
2008,4,17,00:00,UTC,-1
2008,4,18,00:00,UTC,-1
2008,4,19,00:00,UTC,-1
2008,4,20,00:00,UTC,-1
2008,4,21,00:00,UTC,-1
2008,4,22,00:00,UTC,-1
2008,4,23,00:00,UTC,-1
2008,4,24,00:00,UTC,-1
2008,4,25,00:00,UTC,-1
2008,4,26,00:00,UTC,-1
2008,4,27,00:00,UTC,-1
2008,4,28,00:00,UTC,-1
2008,4,29,00:00,UTC,-1
2008,4,30,00:00,UTC,-1
2008,5,1,00:00,UTC,-1
2008,5,2,00:00,UTC,-1
2008,5,3,00:00,UTC,-1
2008,5,4,00:00,UTC,-1
2008,5,5,00:00,UTC,-1
2008,5,6,00:00,UTC,-1
2008,5,7,00:00,UTC,-1
2008,5,8,00:00,UTC,-1
2008,5,9,00:00,UTC,-1
2008,5,10,00:00,UTC,-1
2008,5,11,00:00,UTC,-1
2008,5,12,00:00,UTC,-1
2008,5,13,00:00,UTC,-1
2008,5,14,00:00,UTC,-1
2008,5,15,00:00,UTC,-1
2008,5,16,00:00,UTC,-1
2008,5,17,00:00,UTC,-1
2008,5,18,00:00,UTC,-1
2008,5,19,00:00,UTC,-1
2008,5,20,00:00,UTC,-1
2008,5,21,00:00,UTC,-1
2008,5,22,00:00,UTC,-1
2008,5,23,00:00,UTC,-1
2008,5,24,00:00,UTC,-1
2008,5,25,00:00,UTC,-1
2008,5,26,00:00,UTC,-1
2008,5,27,00:00,UTC,-1
2008,5,28,00:00,UTC,-1
2008,5,29,00:00,UTC,-1
2008,5,30,00:00,UTC,-1
2008,5,31,00:00,UTC,-1
2008,6,1,00:00,UTC,-1
2008,6,2,00:00,UTC,-1
2008,6,3,00:00,UTC,-1
2008,6,4,00:00,UTC,-1
2008,6,5,00:00,UTC,-1
2008,6,6,00:00,UTC,-1
2008,6,7,00:00,UTC,-1
2008,6,8,00:00,UTC,-1
2008,6,9,00:00,UTC,-1
2008,6,10,00:00,UTC,-1
2008,6,11,00:00,UTC,-1
2008,6,12,00:00,UTC,-1
2008,6,13,00:00,UTC,-1
2008,6,14,00:00,UTC,-1
2008,6,15,00:00,UTC,-1
2008,6,16,00:00,UTC,-1
2008,6,17,00:00,UTC,-1
2008,6,18,00:00,UTC,-1
2008,6,19,00:00,UTC,-1
2008,6,20,00:00,UTC,-1
2008,6,21,00:00,UTC,-1
2008,6,22,00:00,UTC,-1
2008,6,23,00:00,UTC,-1
2008,6,24,00:00,UTC,-1
2008,6,25,00:00,UTC,-1
2008,6,26,00:00,UTC,-1
2008,6,27,00:00,UTC,-1
2008,6,28,00:00,UTC,-1
2008,6,29,00:00,UTC,-1
2008,6,30,00:00,UTC,-1
2008,7,1,00:00,UTC,-1
2008,7,2,00:00,UTC,-1
2008,7,3,00:00,UTC,-1
2008,7,4,00:00,UTC,-1
2008,7,5,00:00,UTC,-1
2008,7,6,00:00,UTC,-1
2008,7,7,00:00,UTC,-1
2008,7,8,00:00,UTC,-1
2008,7,9,00:00,UTC,-1
2008,7,10,00:00,UTC,-1
2008,7,11,00:00,UTC,-1
2008,7,12,00:00,UTC,-1
2008,7,13,00:00,UTC,-1
2008,7,14,00:00,UTC,-1
2008,7,15,00:00,UTC,-1
2008,7,16,00:00,UTC,-1
2008,7,17,00:00,UTC,-1
2008,7,18,00:00,UTC,-1
2008,7,19,00:00,UTC,-1
2008,7,20,00:00,UTC,-1
2008,7,21,00:00,UTC,-1
2008,7,22,00:00,UTC,-1
2008,7,23,00:00,UTC,-1
2008,7,24,00:00,UTC,-1
2008,7,25,00:00,UTC,-1
2008,7,26,00:00,UTC,-1
2008,7,27,00:00,UTC,-1
2008,7,28,00:00,UTC,-1
2008,7,29,00:00,UTC,-1
2008,7,30,00:00,UTC,-1
2008,7,31,00:00,UTC,-1
2008,8,1,00:00,UTC,-1
2008,8,2,00:00,UTC,-1
2008,8,3,00:00,UTC,-1
2008,8,4,00:00,UTC,-1
2008,8,5,00:00,UTC,-1
2008,8,6,00:00,UTC,-1
2008,8,7,00:00,UTC,-1
2008,8,8,00:00,UTC,-1
2008,8,9,00:00,UTC,-1
2008,8,10,00:00,UTC,-1
2008,8,11,00:00,UTC,-1
2008,8,12,00:00,UTC,-1
2008,8,13,00:00,UTC,-1
2008,8,14,00:00,UTC,-1
2008,8,15,00:00,UTC,-1
2008,8,16,00:00,UTC,-1
2008,8,17,00:00,UTC,-1
2008,8,18,00:00,UTC,-1
2008,8,19,00:00,UTC,-1
2008,8,20,00:00,UTC,-1
2008,8,21,00:00,UTC,-1
2008,8,22,00:00,UTC,-1
2008,8,23,00:00,UTC,-1
2008,8,24,00:00,UTC,-1
2008,8,25,00:00,UTC,-1
2008,8,26,00:00,UTC,-1
2008,8,27,00:00,UTC,-1
2008,8,28,00:00,UTC,-1
2008,8,29,00:00,UTC,-1
2008,8,30,00:00,UTC,-1
2008,8,31,00:00,UTC,-1
2008,9,1,00:00,UTC,-1
2008,9,2,00:00,UTC,-1
2008,9,3,00:00,UTC,-1
2008,9,4,00:00,UTC,-1
2008,9,5,00:00,UTC,-1
2008,9,6,00:00,UTC,-1
2008,9,7,00:00,UTC,-1
2008,9,8,00:00,UTC,-1
2008,9,9,00:00,UTC,-1
2008,9,10,00:00,UTC,-1
2008,9,11,00:00,UTC,-1
2008,9,12,00:00,UTC,-1
2008,9,13,00:00,UTC,-1
2008,9,14,00:00,UTC,-1
2008,9,15,00:00,UTC,-1
2008,9,16,00:00,UTC,-1
2008,9,17,00:00,UTC,-1
2008,9,18,00:00,UTC,-1
2008,9,19,00:00,UTC,-1
2008,9,20,00:00,UTC,-1
2008,9,21,00:00,UTC,-1
2008,9,22,00:00,UTC,-1
2008,9,23,00:00,UTC,-1
2008,9,24,00:00,UTC,-1
2008,9,25,00:00,UTC,-1
2008,9,26,00:00,UTC,-1
2008,9,27,00:00,UTC,-1
2008,9,28,00:00,UTC,-1
2008,9,29,00:00,UTC,-1
2008,9,30,00:00,UTC,-1
2008,10,1,00:00,UTC,-1
2008,10,2,00:00,UTC,-1
2008,10,3,00:00,UTC,-1
2008,10,4,00:00,UTC,-1
2008,10,5,00:00,UTC,-1
2008,10,6,00:00,UTC,-1
2008,10,7,00:00,UTC,-1
2008,10,8,00:00,UTC,-1
2008,10,9,00:00,UTC,-1
2008,10,10,00:00,UTC,-1
2008,10,11,00:00,UTC,-1
2008,10,12,00:00,UTC,-1
2008,10,13,00:00,UTC,-1
2008,10,14,00:00,UTC,-1
2008,10,15,00:00,UTC,-1
2008,10,16,00:00,UTC,-1
2008,10,17,00:00,UTC,-1
2008,10,18,00:00,UTC,-1
2008,10,19,00:00,UTC,-1
2008,10,20,00:00,UTC,-1
2008,10,21,00:00,UTC,-1
2008,10,22,00:00,UTC,-1
2008,10,23,00:00,UTC,-1
2008,10,24,00:00,UTC,-1
2008,10,25,00:00,UTC,-1
2008,10,26,00:00,UTC,-1
2008,10,27,00:00,UTC,-1
2008,10,28,00:00,UTC,-1
2008,10,29,00:00,UTC,-1
2008,10,30,00:00,UTC,-1
2008,10,31,00:00,UTC,-1
2008,11,1,00:00,UTC,-1
2008,11,2,00:00,UTC,-1
2008,11,3,00:00,UTC,-1
2008,11,4,00:00,UTC,-1
2008,11,5,00:00,UTC,-1
2008,11,6,00:00,UTC,-1
2008,11,7,00:00,UTC,-1
2008,11,8,00:00,UTC,-1
2008,11,9,00:00,UTC,-1
2008,11,10,00:00,UTC,-1
2008,11,11,00:00,UTC,-1
2008,11,12,00:00,UTC,-1
2008,11,13,00:00,UTC,-1
2008,11,14,00:00,UTC,-1
2008,11,15,00:00,UTC,-1
2008,11,16,00:00,UTC,-1
2008,11,17,00:00,UTC,-1
2008,11,18,00:00,UTC,-1
2008,11,19,00:00,UTC,-1
2008,11,20,00:00,UTC,1
2008,11,21,00:00,UTC,1
2008,11,22,00:00,UTC,1
2008,11,23,00:00,UTC,1
2008,11,24,00:00,UTC,14
2008,11,25,00:00,UTC,20
2008,11,26,00:00,UTC,22
2008,11,27,00:00,UTC,22
2008,11,28,00:00,UTC,10
2008,11,29,00:00,UTC,4
2008,11,30,00:00,UTC,0
2008,12,1,00:00,UTC,0
2008,12,2,00:00,UTC,-1
2008,12,3,00:00,UTC,-1
2008,12,4,00:00,UTC,-1
2008,12,5,00:00,UTC,0
2008,12,6,00:00,UTC,0
2008,12,7,00:00,UTC,0
2008,12,8,00:00,UTC,0
2008,12,9,00:00,UTC,1
2008,12,10,00:00,UTC,4
2008,12,11,00:00,UTC,7
2008,12,12,00:00,UTC,4
2008,12,13,00:00,UTC,2
2008,12,14,00:00,UTC,0
2008,12,15,00:00,UTC,0
2008,12,16,00:00,UTC,-1
2008,12,17,00:00,UTC,-1
2008,12,18,00:00,UTC,1
2008,12,19,00:00,UTC,-1
2008,12,20,00:00,UTC,-1
2008,12,21,00:00,UTC,-1
2008,12,22,00:00,UTC,-1
2008,12,23,00:00,UTC,1
2008,12,24,00:00,UTC,1
2008,12,25,00:00,UTC,1
2008,12,26,00:00,UTC,0
2008,12,27,00:00,UTC,-1
2008,12,28,00:00,UTC,-1
2008,12,29,00:00,UTC,-1
2008,12,30,00:00,UTC,-1
2008,12,31,00:00,UTC,-1
2009,1,1,00:00,UTC,-1
2009,1,2,00:00,UTC,-1
2009,1,3,00:00,UTC,-1
2009,1,4,00:00,UTC,-1
2009,1,5,00:00,UTC,-1
2009,1,6,00:00,UTC,-1
2009,1,7,00:00,UTC,0
2009,1,8,00:00,UTC,0
2009,1,9,00:00,UTC,7
2009,1,10,00:00,UTC,5
2009,1,11,00:00,UTC,3
2009,1,12,00:00,UTC,-1
2009,1,13,00:00,UTC,-1
2009,1,14,00:00,UTC,-1
2009,1,15,00:00,UTC,-1
2009,1,16,00:00,UTC,-1
2009,1,17,00:00,UTC,-1
2009,1,18,00:00,UTC,-1
2009,1,19,00:00,UTC,1
2009,1,20,00:00,UTC,1
2009,1,21,00:00,UTC,10
2009,1,22,00:00,UTC,9
2009,1,23,00:00,UTC,25
2009,1,24,00:00,UTC,22
2009,1,25,00:00,UTC,20
2009,1,26,00:00,UTC,17
2009,1,27,00:00,UTC,19
2009,1,28,00:00,UTC,19
2009,1,29,00:00,UTC,19
2009,1,30,00:00,UTC,19
2009,1,31,00:00,UTC,19
2009,2,1,00:00,UTC,19
2009,2,2,00:00,UTC,18
2009,2,3,00:00,UTC,18
2009,2,4,00:00,UTC,18
2009,2,5,00:00,UTC,18
2009,2,6,00:00,UTC,19
2009,2,7,00:00,UTC,23
2009,2,8,00:00,UTC,19
2009,2,9,00:00,UTC,15
2009,2,10,00:00,UTC,14
2009,2,11,00:00,UTC,14
2009,2,12,00:00,UTC,12
2009,2,13,00:00,UTC,15
2009,2,14,00:00,UTC,15
2009,2,15,00:00,UTC,15
2009,2,16,00:00,UTC,15
2009,2,17,00:00,UTC,15
2009,2,18,00:00,UTC,15
2009,2,19,00:00,UTC,15
2009,2,20,00:00,UTC,16
2009,2,21,00:00,UTC,16
2009,2,22,00:00,UTC,16
2009,2,23,00:00,UTC,16
2009,2,24,00:00,UTC,16
2009,2,25,00:00,UTC,17
2009,2,26,00:00,UTC,17
2009,2,27,00:00,UTC,19
2009,2,28,00:00,UTC,20
2009,3,1,00:00,UTC,20
2009,3,2,00:00,UTC,18
2009,3,3,00:00,UTC,20
2009,3,4,00:00,UTC,23
2009,3,5,00:00,UTC,20
2009,3,6,00:00,UTC,20
2009,3,7,00:00,UTC,20
2009,3,8,00:00,UTC,20
2009,3,9,00:00,UTC,22
2009,3,10,00:00,UTC,30
2009,3,11,00:00,UTC,32
2009,3,12,00:00,UTC,31
2009,3,13,00:00,UTC,30
2009,3,14,00:00,UTC,29
2009,3,15,00:00,UTC,30
2009,3,16,00:00,UTC,29
2009,3,17,00:00,UTC,29
2009,3,18,00:00,UTC,27
2009,3,19,00:00,UTC,26
2009,3,20,00:00,UTC,25
2009,3,21,00:00,UTC,25
2009,3,22,00:00,UTC,24
2009,3,23,00:00,UTC,24
2009,3,24,00:00,UTC,29
2009,3,25,00:00,UTC,28
2009,3,26,00:00,UTC,28
2009,3,27,00:00,UTC,28
2009,3,28,00:00,UTC,28
2009,3,29,00:00,UTC,35
2009,3,30,00:00,UTC,29
2009,3,31,00:00,UTC,27
2009,4,1,00:00,UTC,22
2009,4,2,00:00,UTC,20
2009,4,3,00:00,UTC,19
2009,4,4,00:00,UTC,14
2009,4,5,00:00,UTC,10
2009,4,6,00:00,UTC,6
2009,4,7,00:00,UTC,2
2009,4,8,00:00,UTC,1
2009,4,9,00:00,UTC,-1
2009,4,10,00:00,UTC,-1
2009,4,11,00:00,UTC,-1
2009,4,12,00:00,UTC,-1
2009,4,13,00:00,UTC,-1
2009,4,14,00:00,UTC,-1
2009,4,15,00:00,UTC,-1
2009,4,16,00:00,UTC,-1
2009,4,17,00:00,UTC,-1
2009,4,18,00:00,UTC,0
2009,4,19,00:00,UTC,-1
2009,4,20,00:00,UTC,-1
2009,4,21,00:00,UTC,-1
2009,4,22,00:00,UTC,-1
2009,4,23,00:00,UTC,-1
2009,4,24,00:00,UTC,-1
2009,4,25,00:00,UTC,-1
2009,4,26,00:00,UTC,-1
2009,4,27,00:00,UTC,-1
2009,4,28,00:00,UTC,-1
2009,4,29,00:00,UTC,-1
2009,4,30,00:00,UTC,-1
2009,5,1,00:00,UTC,-1
2009,5,2,00:00,UTC,-1
2009,5,3,00:00,UTC,-1
2009,5,4,00:00,UTC,-1
2009,5,5,00:00,UTC,-1
2009,5,6,00:00,UTC,-1
2009,5,7,00:00,UTC,-1
2009,5,8,00:00,UTC,-1
2009,5,9,00:00,UTC,-1
2009,5,10,00:00,UTC,-1
2009,5,11,00:00,UTC,-1
2009,5,12,00:00,UTC,-1
2009,5,13,00:00,UTC,-1
2009,5,14,00:00,UTC,-1
2009,5,15,00:00,UTC,-1
2009,5,16,00:00,UTC,-1
2009,5,17,00:00,UTC,-1
2009,5,18,00:00,UTC,-1
2009,5,19,00:00,UTC,-1
2009,5,20,00:00,UTC,-1
2009,5,21,00:00,UTC,-1
2009,5,22,00:00,UTC,-1
2009,5,23,00:00,UTC,-1
2009,5,24,00:00,UTC,-1
2009,5,25,00:00,UTC,-1
2009,5,26,00:00,UTC,-1
2009,5,27,00:00,UTC,-1
2009,5,28,00:00,UTC,-1
2009,5,29,00:00,UTC,-1
2009,5,30,00:00,UTC,-1
2009,5,31,00:00,UTC,-1
2009,6,1,00:00,UTC,-1
2009,6,2,00:00,UTC,-1
2009,6,3,00:00,UTC,-1
2009,6,4,00:00,UTC,-1
2009,6,5,00:00,UTC,-1
2009,6,6,00:00,UTC,-1
2009,6,7,00:00,UTC,-1
2009,6,8,00:00,UTC,-1
2009,6,9,00:00,UTC,-1
2009,6,10,00:00,UTC,-1
2009,6,11,00:00,UTC,-1
2009,6,12,00:00,UTC,-1
2009,6,13,00:00,UTC,-1
2009,6,14,00:00,UTC,-1
2009,6,15,00:00,UTC,-1
2009,6,16,00:00,UTC,-1
2009,6,17,00:00,UTC,-1
2009,6,18,00:00,UTC,-1
2009,6,19,00:00,UTC,-1
2009,6,20,00:00,UTC,-1
2009,6,21,00:00,UTC,-1
2009,6,22,00:00,UTC,-1
2009,6,23,00:00,UTC,-1
2009,6,24,00:00,UTC,-1
2009,6,25,00:00,UTC,-1
2009,6,26,00:00,UTC,-1
2009,6,27,00:00,UTC,-1
2009,6,28,00:00,UTC,-1
2009,6,29,00:00,UTC,-1
2009,6,30,00:00,UTC,-1
2009,7,1,00:00,UTC,-1
2009,7,2,00:00,UTC,-1
2009,7,3,00:00,UTC,-1
2009,7,4,00:00,UTC,-1
2009,7,5,00:00,UTC,-1
2009,7,6,00:00,UTC,-1
2009,7,7,00:00,UTC,-1
2009,7,8,00:00,UTC,-1
2009,7,9,00:00,UTC,-1
2009,7,10,00:00,UTC,-1
2009,7,11,00:00,UTC,-1
2009,7,12,00:00,UTC,-1
2009,7,13,00:00,UTC,-1
2009,7,14,00:00,UTC,-1
2009,7,15,00:00,UTC,-1
2009,7,16,00:00,UTC,-1
2009,7,17,00:00,UTC,-1
2009,7,18,00:00,UTC,-1
2009,7,19,00:00,UTC,-1
2009,7,20,00:00,UTC,-1
2009,7,21,00:00,UTC,-1
2009,7,22,00:00,UTC,-1
2009,7,23,00:00,UTC,-1
2009,7,24,00:00,UTC,-1
2009,7,25,00:00,UTC,-1
2009,7,26,00:00,UTC,-1
2009,7,27,00:00,UTC,-1
2009,7,28,00:00,UTC,-1
2009,7,29,00:00,UTC,-1
2009,7,30,00:00,UTC,-1
2009,7,31,00:00,UTC,-1
2009,8,1,00:00,UTC,-1
2009,8,2,00:00,UTC,-1
2009,8,3,00:00,UTC,-1
2009,8,4,00:00,UTC,-1
2009,8,5,00:00,UTC,-1
2009,8,6,00:00,UTC,-1
2009,8,7,00:00,UTC,-1
2009,8,8,00:00,UTC,-1
2009,8,9,00:00,UTC,-1
2009,8,10,00:00,UTC,-1
2009,8,11,00:00,UTC,-1
2009,8,12,00:00,UTC,-1
2009,8,13,00:00,UTC,-1
2009,8,14,00:00,UTC,-1
2009,8,15,00:00,UTC,-1
2009,8,16,00:00,UTC,-1
2009,8,17,00:00,UTC,-1
2009,8,18,00:00,UTC,-1
2009,8,19,00:00,UTC,-1
2009,8,20,00:00,UTC,-1
2009,8,21,00:00,UTC,-1
2009,8,22,00:00,UTC,-1
2009,8,23,00:00,UTC,-1
2009,8,24,00:00,UTC,-1
2009,8,25,00:00,UTC,-1
2009,8,26,00:00,UTC,-1
2009,8,27,00:00,UTC,-1
2009,8,28,00:00,UTC,-1
2009,8,29,00:00,UTC,-1
2009,8,30,00:00,UTC,-1
2009,8,31,00:00,UTC,-1
2009,9,1,00:00,UTC,-1
2009,9,2,00:00,UTC,-1
2009,9,3,00:00,UTC,-1
2009,9,4,00:00,UTC,-1
2009,9,5,00:00,UTC,-1
2009,9,6,00:00,UTC,-1
2009,9,7,00:00,UTC,-1
2009,9,8,00:00,UTC,-1
2009,9,9,00:00,UTC,-1
2009,9,10,00:00,UTC,-1
2009,9,11,00:00,UTC,-1
2009,9,12,00:00,UTC,-1
2009,9,13,00:00,UTC,-1
2009,9,14,00:00,UTC,-1
2009,9,15,00:00,UTC,-1
2009,9,16,00:00,UTC,-1
2009,9,17,00:00,UTC,-1
2009,9,18,00:00,UTC,-1
2009,9,19,00:00,UTC,-1
2009,9,20,00:00,UTC,-1
2009,9,21,00:00,UTC,-1
2009,9,22,00:00,UTC,-1
2009,9,23,00:00,UTC,-1
2009,9,24,00:00,UTC,-1
2009,9,25,00:00,UTC,-1
2009,9,26,00:00,UTC,-1
2009,9,27,00:00,UTC,-1
2009,9,28,00:00,UTC,-1
2009,9,29,00:00,UTC,-1
2009,9,30,00:00,UTC,-1
2009,10,1,00:00,UTC,-1
2009,10,2,00:00,UTC,-1
2009,10,3,00:00,UTC,-1
2009,10,4,00:00,UTC,-1
2009,10,5,00:00,UTC,-1
2009,10,6,00:00,UTC,-1
2009,10,7,00:00,UTC,-1
2009,10,8,00:00,UTC,-1
2009,10,9,00:00,UTC,-1
2009,10,10,00:00,UTC,-1
2009,10,11,00:00,UTC,-1
2009,10,12,00:00,UTC,-1
2009,10,13,00:00,UTC,-1
2009,10,14,00:00,UTC,-1
2009,10,15,00:00,UTC,-1
2009,10,16,00:00,UTC,-1
2009,10,17,00:00,UTC,-1
2009,10,18,00:00,UTC,-1
2009,10,19,00:00,UTC,-1
2009,10,20,00:00,UTC,-1
2009,10,21,00:00,UTC,-1
2009,10,22,00:00,UTC,-1
2009,10,23,00:00,UTC,-1
2009,10,24,00:00,UTC,-1
2009,10,25,00:00,UTC,-1
2009,10,26,00:00,UTC,-1
2009,10,27,00:00,UTC,-1
2009,10,28,00:00,UTC,-1
2009,10,29,00:00,UTC,-1
2009,10,30,00:00,UTC,-1
2009,10,31,00:00,UTC,-1
2009,11,1,00:00,UTC,-1
2009,11,2,00:00,UTC,-1
2009,11,3,00:00,UTC,-1
2009,11,4,00:00,UTC,-1
2009,11,5,00:00,UTC,0
2009,11,6,00:00,UTC,5
2009,11,7,00:00,UTC,6
2009,11,8,00:00,UTC,1
2009,11,9,00:00,UTC,0
2009,11,10,00:00,UTC,2
2009,11,11,00:00,UTC,2
2009,11,12,00:00,UTC,2
2009,11,13,00:00,UTC,2
2009,11,14,00:00,UTC,2
2009,11,15,00:00,UTC,-1
2009,11,16,00:00,UTC,-1
2009,11,17,00:00,UTC,-1
2009,11,18,00:00,UTC,-1
2009,11,19,00:00,UTC,-1
2009,11,20,00:00,UTC,-1
2009,11,21,00:00,UTC,-1
2009,11,22,00:00,UTC,-1
2009,11,23,00:00,UTC,-1
2009,11,24,00:00,UTC,-1
2009,11,25,00:00,UTC,-1
2009,11,26,00:00,UTC,-1
2009,11,27,00:00,UTC,-1
2009,11,28,00:00,UTC,-1
2009,11,29,00:00,UTC,-1
2009,11,30,00:00,UTC,-1
2009,12,1,00:00,UTC,-1
2009,12,2,00:00,UTC,-1
2009,12,3,00:00,UTC,-1
2009,12,4,00:00,UTC,-1
2009,12,5,00:00,UTC,-1
2009,12,6,00:00,UTC,-1
2009,12,7,00:00,UTC,-1
2009,12,8,00:00,UTC,-1
2009,12,9,00:00,UTC,-1
2009,12,10,00:00,UTC,0
2009,12,11,00:00,UTC,0
2009,12,12,00:00,UTC,0
2009,12,13,00:00,UTC,1
2009,12,14,00:00,UTC,4
2009,12,15,00:00,UTC,3
2009,12,16,00:00,UTC,3
2009,12,17,00:00,UTC,5
2009,12,18,00:00,UTC,8
2009,12,19,00:00,UTC,8
2009,12,20,00:00,UTC,6
2009,12,21,00:00,UTC,27
2009,12,22,00:00,UTC,27
2009,12,23,00:00,UTC,30
2009,12,24,00:00,UTC,25
2009,12,25,00:00,UTC,24
2009,12,26,00:00,UTC,24
2009,12,27,00:00,UTC,28
2009,12,28,00:00,UTC,28
2009,12,29,00:00,UTC,26
2009,12,30,00:00,UTC,32
2009,12,31,00:00,UTC,36
2010,1,1,00:00,UTC,36
2010,1,2,00:00,UTC,35
2010,1,3,00:00,UTC,35
2010,1,4,00:00,UTC,35
2010,1,5,00:00,UTC,36
2010,1,6,00:00,UTC,39
2010,1,7,00:00,UTC,38
2010,1,8,00:00,UTC,37
2010,1,9,00:00,UTC,36
2010,1,10,00:00,UTC,36
2010,1,11,00:00,UTC,35
2010,1,12,00:00,UTC,34
2010,1,13,00:00,UTC,34
2010,1,14,00:00,UTC,33
2010,1,15,00:00,UTC,35
2010,1,16,00:00,UTC,35
2010,1,17,00:00,UTC,33
2010,1,18,00:00,UTC,33
2010,1,19,00:00,UTC,33
2010,1,20,00:00,UTC,33
2010,1,21,00:00,UTC,33
2010,1,22,00:00,UTC,33
2010,1,23,00:00,UTC,34
2010,1,24,00:00,UTC,34
2010,1,25,00:00,UTC,36
2010,1,26,00:00,UTC,36
2010,1,27,00:00,UTC,34
2010,1,28,00:00,UTC,35
2010,1,29,00:00,UTC,46
2010,1,30,00:00,UTC,49
2010,1,31,00:00,UTC,55
2010,2,1,00:00,UTC,56
2010,2,2,00:00,UTC,64
2010,2,3,00:00,UTC,61
2010,2,4,00:00,UTC,59
2010,2,5,00:00,UTC,58
2010,2,6,00:00,UTC,58
2010,2,7,00:00,UTC,57
2010,2,8,00:00,UTC,65
2010,2,9,00:00,UTC,65
2010,2,10,00:00,UTC,65
2010,2,11,00:00,UTC,65
2010,2,12,00:00,UTC,61
2010,2,13,00:00,UTC,60
2010,2,14,00:00,UTC,60
2010,2,15,00:00,UTC,59
2010,2,16,00:00,UTC,58
2010,2,17,00:00,UTC,58
2010,2,18,00:00,UTC,62
2010,2,19,00:00,UTC,60
2010,2,20,00:00,UTC,61
2010,2,21,00:00,UTC,63
2010,2,22,00:00,UTC,67
2010,2,23,00:00,UTC,68
2010,2,24,00:00,UTC,77
2010,2,25,00:00,UTC,75
2010,2,26,00:00,UTC,73
2010,2,27,00:00,UTC,71
2010,2,28,00:00,UTC,68
2010,3,1,00:00,UTC,64
2010,3,2,00:00,UTC,67
2010,3,3,00:00,UTC,65
2010,3,4,00:00,UTC,67
2010,3,5,00:00,UTC,67
2010,3,6,00:00,UTC,67
2010,3,7,00:00,UTC,67
2010,3,8,00:00,UTC,65
2010,3,9,00:00,UTC,65
2010,3,10,00:00,UTC,64
2010,3,11,00:00,UTC,62
2010,3,12,00:00,UTC,64
2010,3,13,00:00,UTC,64
2010,3,14,00:00,UTC,64
2010,3,15,00:00,UTC,65
2010,3,16,00:00,UTC,65
2010,3,17,00:00,UTC,66
2010,3,18,00:00,UTC,65
2010,3,19,00:00,UTC,75
2010,3,20,00:00,UTC,69
2010,3,21,00:00,UTC,64
2010,3,22,00:00,UTC,73
2010,3,23,00:00,UTC,70
2010,3,24,00:00,UTC,71
2010,3,25,00:00,UTC,70
2010,3,26,00:00,UTC,68
2010,3,27,00:00,UTC,65
2010,3,28,00:00,UTC,60
2010,3,29,00:00,UTC,56
2010,3,30,00:00,UTC,54
2010,3,31,00:00,UTC,50
2010,4,1,00:00,UTC,48
2010,4,2,00:00,UTC,44
2010,4,3,00:00,UTC,37
2010,4,4,00:00,UTC,34
2010,4,5,00:00,UTC,30
2010,4,6,00:00,UTC,30
2010,4,7,00:00,UTC,27
2010,4,8,00:00,UTC,25
2010,4,9,00:00,UTC,20
2010,4,10,00:00,UTC,20
2010,4,11,00:00,UTC,18
2010,4,12,00:00,UTC,13
2010,4,13,00:00,UTC,11
2010,4,14,00:00,UTC,7
2010,4,15,00:00,UTC,-1
2010,4,16,00:00,UTC,-1
2010,4,17,00:00,UTC,-1
2010,4,18,00:00,UTC,-1
2010,4,19,00:00,UTC,-1
2010,4,20,00:00,UTC,-1
2010,4,21,00:00,UTC,-1
2010,4,22,00:00,UTC,-1
2010,4,23,00:00,UTC,-1
2010,4,24,00:00,UTC,0
2010,4,25,00:00,UTC,-1
2010,4,26,00:00,UTC,-1
2010,4,27,00:00,UTC,-1
2010,4,28,00:00,UTC,-1
2010,4,29,00:00,UTC,-1
2010,4,30,00:00,UTC,-1
2010,5,1,00:00,UTC,-1
2010,5,2,00:00,UTC,-1
2010,5,3,00:00,UTC,-1
2010,5,4,00:00,UTC,-1
2010,5,5,00:00,UTC,-1
2010,5,6,00:00,UTC,-1
2010,5,7,00:00,UTC,-1
2010,5,8,00:00,UTC,-1
2010,5,9,00:00,UTC,-1
2010,5,10,00:00,UTC,-1
2010,5,11,00:00,UTC,-1
2010,5,12,00:00,UTC,-1
2010,5,13,00:00,UTC,-1
2010,5,14,00:00,UTC,-1
2010,5,15,00:00,UTC,-1
2010,5,16,00:00,UTC,-1
2010,5,17,00:00,UTC,-1
2010,5,18,00:00,UTC,-1
2010,5,19,00:00,UTC,-1
2010,5,20,00:00,UTC,-1
2010,5,21,00:00,UTC,-1
2010,5,22,00:00,UTC,-1
2010,5,23,00:00,UTC,-1
2010,5,24,00:00,UTC,-1
2010,5,25,00:00,UTC,-1
2010,5,26,00:00,UTC,-1
2010,5,27,00:00,UTC,-1
2010,5,28,00:00,UTC,-1
2010,5,29,00:00,UTC,-1
2010,5,30,00:00,UTC,-1
2010,5,31,00:00,UTC,-1
2010,6,1,00:00,UTC,-1
2010,6,2,00:00,UTC,-1
2010,6,3,00:00,UTC,-1
2010,6,4,00:00,UTC,-1
2010,6,5,00:00,UTC,-1
2010,6,6,00:00,UTC,-1
2010,6,7,00:00,UTC,-1
2010,6,8,00:00,UTC,-1
2010,6,9,00:00,UTC,-1
2010,6,10,00:00,UTC,-1
2010,6,11,00:00,UTC,-1
2010,6,12,00:00,UTC,-1
2010,6,13,00:00,UTC,-1
2010,6,14,00:00,UTC,-1
2010,6,15,00:00,UTC,-1
2010,6,16,00:00,UTC,-1
2010,6,17,00:00,UTC,-1
2010,6,18,00:00,UTC,-1
2010,6,19,00:00,UTC,-1
2010,6,20,00:00,UTC,-1
2010,6,21,00:00,UTC,-1
2010,6,22,00:00,UTC,-1
2010,6,23,00:00,UTC,-1
2010,6,24,00:00,UTC,-1
2010,6,25,00:00,UTC,-1
2010,6,26,00:00,UTC,-1
2010,6,27,00:00,UTC,-1
2010,6,28,00:00,UTC,-1
2010,6,29,00:00,UTC,-1
2010,6,30,00:00,UTC,-1
2010,7,1,00:00,UTC,-1
2010,7,2,00:00,UTC,-1
2010,7,3,00:00,UTC,-1
2010,7,4,00:00,UTC,-1
2010,7,5,00:00,UTC,-1
2010,7,6,00:00,UTC,-1
2010,7,7,00:00,UTC,-1
2010,7,8,00:00,UTC,-1
2010,7,9,00:00,UTC,-1
2010,7,10,00:00,UTC,-1
2010,7,11,00:00,UTC,-1
2010,7,12,00:00,UTC,-1
2010,7,13,00:00,UTC,-1
2010,7,14,00:00,UTC,-1
2010,7,15,00:00,UTC,-1
2010,7,16,00:00,UTC,-1
2010,7,17,00:00,UTC,-1
2010,7,18,00:00,UTC,-1
2010,7,19,00:00,UTC,-1
2010,7,20,00:00,UTC,-1
2010,7,21,00:00,UTC,-1
2010,7,22,00:00,UTC,-1
2010,7,23,00:00,UTC,-1
2010,7,24,00:00,UTC,-1
2010,7,25,00:00,UTC,-1
2010,7,26,00:00,UTC,-1
2010,7,27,00:00,UTC,-1
2010,7,28,00:00,UTC,-1
2010,7,29,00:00,UTC,-1
2010,7,30,00:00,UTC,-1
2010,7,31,00:00,UTC,-1
2010,8,1,00:00,UTC,-1
2010,8,2,00:00,UTC,-1
2010,8,3,00:00,UTC,-1
2010,8,4,00:00,UTC,-1
2010,8,5,00:00,UTC,-1
2010,8,6,00:00,UTC,-1
2010,8,7,00:00,UTC,-1
2010,8,8,00:00,UTC,-1
2010,8,9,00:00,UTC,-1
2010,8,10,00:00,UTC,-1
2010,8,11,00:00,UTC,-1
2010,8,12,00:00,UTC,-1
2010,8,13,00:00,UTC,-1
2010,8,14,00:00,UTC,-1
2010,8,15,00:00,UTC,-1
2010,8,16,00:00,UTC,-1
2010,8,17,00:00,UTC,-1
2010,8,18,00:00,UTC,-1
2010,8,19,00:00,UTC,-1
2010,8,20,00:00,UTC,-1
2010,8,21,00:00,UTC,-1
2010,8,22,00:00,UTC,-1
2010,8,23,00:00,UTC,-1
2010,8,24,00:00,UTC,-1
2010,8,25,00:00,UTC,-1
2010,8,26,00:00,UTC,-1
2010,8,27,00:00,UTC,-1
2010,8,28,00:00,UTC,-1
2010,8,29,00:00,UTC,-1
2010,8,30,00:00,UTC,-1
2010,8,31,00:00,UTC,-1
2010,9,1,00:00,UTC,-1
2010,9,2,00:00,UTC,-1
2010,9,3,00:00,UTC,-1
2010,9,4,00:00,UTC,-1
2010,9,5,00:00,UTC,-1
2010,9,6,00:00,UTC,-1
2010,9,7,00:00,UTC,-1
2010,9,8,00:00,UTC,-1
2010,9,9,00:00,UTC,-1
2010,9,10,00:00,UTC,-1
2010,9,11,00:00,UTC,-1
2010,9,12,00:00,UTC,-1
2010,9,13,00:00,UTC,-1
2010,9,14,00:00,UTC,-1
2010,9,15,00:00,UTC,-1
2010,9,16,00:00,UTC,-1
2010,9,17,00:00,UTC,-1
2010,9,18,00:00,UTC,-1
2010,9,19,00:00,UTC,-1
2010,9,20,00:00,UTC,-1
2010,9,21,00:00,UTC,-1
2010,9,22,00:00,UTC,-1
2010,9,23,00:00,UTC,-1
2010,9,24,00:00,UTC,-1
2010,9,25,00:00,UTC,-1
2010,9,26,00:00,UTC,-1
2010,9,27,00:00,UTC,-1
2010,9,28,00:00,UTC,-1
2010,9,29,00:00,UTC,-1
2010,9,30,00:00,UTC,-1
2010,10,1,00:00,UTC,-1
2010,10,2,00:00,UTC,-1
2010,10,3,00:00,UTC,-1
2010,10,4,00:00,UTC,-1
2010,10,5,00:00,UTC,-1
2010,10,6,00:00,UTC,-1
2010,10,7,00:00,UTC,-1
2010,10,8,00:00,UTC,-1
2010,10,9,00:00,UTC,-1
2010,10,10,00:00,UTC,-1
2010,10,11,00:00,UTC,-1
2010,10,12,00:00,UTC,-1
2010,10,13,00:00,UTC,-1
2010,10,14,00:00,UTC,-1
2010,10,15,00:00,UTC,-1
2010,10,16,00:00,UTC,-1
2010,10,17,00:00,UTC,-1
2010,10,18,00:00,UTC,-1
2010,10,19,00:00,UTC,-1
2010,10,20,00:00,UTC,-1
2010,10,21,00:00,UTC,-1
2010,10,22,00:00,UTC,-1
2010,10,23,00:00,UTC,-1
2010,10,24,00:00,UTC,-1
2010,10,25,00:00,UTC,-1
2010,10,26,00:00,UTC,-1
2010,10,27,00:00,UTC,-1
2010,10,28,00:00,UTC,-1
2010,10,29,00:00,UTC,-1
2010,10,30,00:00,UTC,-1
2010,10,31,00:00,UTC,-1
2010,11,1,00:00,UTC,-1
2010,11,2,00:00,UTC,-1
2010,11,3,00:00,UTC,-1
2010,11,4,00:00,UTC,-1
2010,11,5,00:00,UTC,-1
2010,11,6,00:00,UTC,-1
2010,11,7,00:00,UTC,-1
2010,11,8,00:00,UTC,-1
2010,11,9,00:00,UTC,-1
2010,11,10,00:00,UTC,2
2010,11,11,00:00,UTC,0
2010,11,12,00:00,UTC,-1
2010,11,13,00:00,UTC,-1
2010,11,14,00:00,UTC,-1
2010,11,15,00:00,UTC,-1
2010,11,16,00:00,UTC,-1
2010,11,17,00:00,UTC,-1
2010,11,18,00:00,UTC,9
2010,11,19,00:00,UTC,10
2010,11,20,00:00,UTC,11
2010,11,21,00:00,UTC,16
2010,11,22,00:00,UTC,15
2010,11,23,00:00,UTC,15
2010,11,24,00:00,UTC,16
2010,11,25,00:00,UTC,18
2010,11,26,00:00,UTC,17
2010,11,27,00:00,UTC,16
2010,11,28,00:00,UTC,16
2010,11,29,00:00,UTC,16
2010,11,30,00:00,UTC,16
2010,12,1,00:00,UTC,16
2010,12,2,00:00,UTC,15
2010,12,3,00:00,UTC,20
2010,12,4,00:00,UTC,21
2010,12,5,00:00,UTC,25
2010,12,6,00:00,UTC,31
2010,12,7,00:00,UTC,38
2010,12,8,00:00,UTC,42
2010,12,9,00:00,UTC,42
2010,12,10,00:00,UTC,36
2010,12,11,00:00,UTC,36
2010,12,12,00:00,UTC,46
2010,12,13,00:00,UTC,46
2010,12,14,00:00,UTC,41
2010,12,15,00:00,UTC,37
2010,12,16,00:00,UTC,36
2010,12,17,00:00,UTC,35
2010,12,18,00:00,UTC,33
2010,12,19,00:00,UTC,37
2010,12,20,00:00,UTC,50
2010,12,21,00:00,UTC,50
2010,12,22,00:00,UTC,48
2010,12,23,00:00,UTC,44
2010,12,24,00:00,UTC,43
2010,12,25,00:00,UTC,40
2010,12,26,00:00,UTC,43
2010,12,27,00:00,UTC,46
2010,12,28,00:00,UTC,44
2010,12,29,00:00,UTC,44
2010,12,30,00:00,UTC,41
2010,12,31,00:00,UTC,48
2011,1,1,00:00,UTC,49